-18,10,HbfFqXp+aymevSaBG3C+ClB//po=,y4SeDDaSjf95XVcYYF6o1xMpICg=
-18,9,HbfFqXp+aymevSaBG3C+ClB//po=,fufMvwSUlXWNAec5wwtevc9J31Q=
-19,10,HbfFqXp+aymevSaBG3C+ClB//po=,QnR8UDKgkVqqkB8jWewmccsw9og=
-19,9,HbfFqXp+aymevSaBG3C+ClB//po=,5RRaiWJY5dSY48een6m+nBoxkjY=
-18,8,AdGIr3usYXcbXtMhGUatyPuaJqI=,fufMvwSUlXWNAec5wwtevc9J31Q=
-18,7,AdGIr3usYXcbXtMhGUatyPuaJqI=,W8+MW+no6SJJY0B0K5Xonc3sCjQ=
-19,7,AdGIr3usYXcbXtMhGUatyPuaJqI=,W+EXEs2gkt5FpIgK7Z4WdUq9kgE=
-19,8,AdGIr3usYXcbXtMhGUatyPuaJqI=,5RRaiWJY5dSY48een6m+nBoxkjY=
-18,6,AdGIr3usYXcbXtMhGUatyPuaJqI=,W8+MW+no6SJJY0B0K5Xonc3sCjQ=
-18,5,AdGIr3usYXcbXtMhGUatyPuaJqI=,Qj5Hi29eS3uqSm4MARw/Abg2mWw=
-19,5,AdGIr3usYXcbXtMhGUatyPuaJqI=,IXFPZjzyBs4gVppGD/XAQs+7xbM=
-19,6,AdGIr3usYXcbXtMhGUatyPuaJqI=,W+EXEs2gkt5FpIgK7Z4WdUq9kgE=
-18,3,AdGIr3usYXcbXtMhGUatyPuaJqI=,WtXA+JVcje1K428/RahJ+/WQrgQ=
-19,4,AdGIr3usYXcbXtMhGUatyPuaJqI=,IXFPZjzyBs4gVppGD/XAQs+7xbM=
-18,4,AdGIr3usYXcbXtMhGUatyPuaJqI=,Qj5Hi29eS3uqSm4MARw/Abg2mWw=
-19,3,YSnE126pr3RvoEwBJbmj9rRdM3U=,U40iOwCjxGdfS5P6ayB59QLOPac=
-18,2,YSnE126pr3RvoEwBJbmj9rRdM3U=,WtXA+JVcje1K428/RahJ+/WQrgQ=
-18,1,YSnE126pr3RvoEwBJbmj9rRdM3U=,TctEDTOt4JFZNRZmFuNpKuem7X4=
-19,2,YSnE126pr3RvoEwBJbmj9rRdM3U=,U40iOwCjxGdfS5P6ayB59QLOPac=
-19,1,YSnE126pr3RvoEwBJbmj9rRdM3U=,QxnF3wBcZ9B2/MY5jltWmL6QWos=
-19,0,YSnE126pr3RvoEwBJbmj9rRdM3U=,QxnF3wBcZ9B2/MY5jltWmL6QWos=
-18,0,YSnE126pr3RvoEwBJbmj9rRdM3U=,TctEDTOt4JFZNRZmFuNpKuem7X4=
-17,2,YSnE126pr3RvoEwBJbmj9rRdM3U=,WtXA+JVcje1K428/RahJ+/WQrgQ=
-17,1,YSnE126pr3RvoEwBJbmj9rRdM3U=,TctEDTOt4JFZNRZmFuNpKuem7X4=
-17,0,YSnE126pr3RvoEwBJbmj9rRdM3U=,TctEDTOt4JFZNRZmFuNpKuem7X4=
-17,10,YSnE126pr3RvoEwBJbmj9rRdM3U=,y4SeDDaSjf95XVcYYF6o1xMpICg=
-17,9,YSnE126pr3RvoEwBJbmj9rRdM3U=,fufMvwSUlXWNAec5wwtevc9J31Q=
-17,8,YSnE126pr3RvoEwBJbmj9rRdM3U=,fufMvwSUlXWNAec5wwtevc9J31Q=
-17,7,YSnE126pr3RvoEwBJbmj9rRdM3U=,W8+MW+no6SJJY0B0K5Xonc3sCjQ=
-18,12,8LlZLuxNeOd6GD/Bj4zCocyv8YY=,qgQyGm9YXMQN37RnkQWAYQSNVKE=
-19,11,8LlZLuxNeOd6GD/Bj4zCocyv8YY=,QnR8UDKgkVqqkB8jWewmccsw9og=
-18,11,8LlZLuxNeOd6GD/Bj4zCocyv8YY=,y4SeDDaSjf95XVcYYF6o1xMpICg=
-19,12,8LlZLuxNeOd6GD/Bj4zCocyv8YY=,71e0Sm15/6CL/6ow82nbX9d/GQE=
-18,13,8LlZLuxNeOd6GD/Bj4zCocyv8YY=,qgQyGm9YXMQN37RnkQWAYQSNVKE=
-18,14,8LlZLuxNeOd6GD/Bj4zCocyv8YY=,Z0P5WHopYMf2733VatfrcsS7XFA=
-17,12,8LlZLuxNeOd6GD/Bj4zCocyv8YY=,qgQyGm9YXMQN37RnkQWAYQSNVKE=
-17,11,8LlZLuxNeOd6GD/Bj4zCocyv8YY=,y4SeDDaSjf95XVcYYF6o1xMpICg=
-19,13,8LlZLuxNeOd6GD/Bj4zCocyv8YY=,71e0Sm15/6CL/6ow82nbX9d/GQE=
-19,14,8LlZLuxNeOd6GD/Bj4zCocyv8YY=,vozEUwWfQKYfj1aDx54RXmgPN3g=
-20,4,8LlZLuxNeOd6GD/Bj4zCocyv8YY=,IXFPZjzyBs4gVppGD/XAQs+7xbM=
-20,3,8LlZLuxNeOd6GD/Bj4zCocyv8YY=,U40iOwCjxGdfS5P6ayB59QLOPac=
-17,13,8LlZLuxNeOd6GD/Bj4zCocyv8YY=,qgQyGm9YXMQN37RnkQWAYQSNVKE=
-17,14,8LlZLuxNeOd6GD/Bj4zCocyv8YY=,Z0P5WHopYMf2733VatfrcsS7XFA=
-20,5,8LlZLuxNeOd6GD/Bj4zCocyv8YY=,IXFPZjzyBs4gVppGD/XAQs+7xbM=
-20,6,8LlZLuxNeOd6GD/Bj4zCocyv8YY=,W+EXEs2gkt5FpIgK7Z4WdUq9kgE=
-20,15,8LlZLuxNeOd6GD/Bj4zCocyv8YY=,vozEUwWfQKYfj1aDx54RXmgPN3g=
-17,15,8LlZLuxNeOd6GD/Bj4zCocyv8YY=,Z0P5WHopYMf2733VatfrcsS7XFA=
-20,1,8LlZLuxNeOd6GD/Bj4zCocyv8YY=,QxnF3wBcZ9B2/MY5jltWmL6QWos=
-20,2,8LlZLuxNeOd6GD/Bj4zCocyv8YY=,U40iOwCjxGdfS5P6ayB59QLOPac=
-20,7,8LlZLuxNeOd6GD/Bj4zCocyv8YY=,W+EXEs2gkt5FpIgK7Z4WdUq9kgE=
-18,15,8LlZLuxNeOd6GD/Bj4zCocyv8YY=,Z0P5WHopYMf2733VatfrcsS7XFA=
-20,8,8LlZLuxNeOd6GD/Bj4zCocyv8YY=,5RRaiWJY5dSY48een6m+nBoxkjY=
-20,9,8LlZLuxNeOd6GD/Bj4zCocyv8YY=,5RRaiWJY5dSY48een6m+nBoxkjY=
-19,15,8LlZLuxNeOd6GD/Bj4zCocyv8YY=,vozEUwWfQKYfj1aDx54RXmgPN3g=
-20,10,8LlZLuxNeOd6GD/Bj4zCocyv8YY=,QnR8UDKgkVqqkB8jWewmccsw9og=
-20,12,8LlZLuxNeOd6GD/Bj4zCocyv8YY=,71e0Sm15/6CL/6ow82nbX9d/GQE=
-20,14,8LlZLuxNeOd6GD/Bj4zCocyv8YY=,vozEUwWfQKYfj1aDx54RXmgPN3g=
-20,13,8LlZLuxNeOd6GD/Bj4zCocyv8YY=,71e0Sm15/6CL/6ow82nbX9d/GQE=
-20,11,8LlZLuxNeOd6GD/Bj4zCocyv8YY=,QnR8UDKgkVqqkB8jWewmccsw9og=
-20,0,8LlZLuxNeOd6GD/Bj4zCocyv8YY=,QxnF3wBcZ9B2/MY5jltWmL6QWos=
-17,5,8LlZLuxNeOd6GD/Bj4zCocyv8YY=,Qj5Hi29eS3uqSm4MARw/Abg2mWw=
-17,6,8LlZLuxNeOd6GD/Bj4zCocyv8YY=,W8+MW+no6SJJY0B0K5Xonc3sCjQ=
-17,4,8LlZLuxNeOd6GD/Bj4zCocyv8YY=,Qj5Hi29eS3uqSm4MARw/Abg2mWw=
-17,3,8LlZLuxNeOd6GD/Bj4zCocyv8YY=,WtXA+JVcje1K428/RahJ+/WQrgQ=
-20,18,o9qtPeaHwT7iu8X6UMmvO3FTT1g=,BYLdQqLndp2ou83z2Gr1dc9vvKQ=
-20,17,o9qtPeaHwT7iu8X6UMmvO3FTT1g=,YOCap9+mSjwjethQbtTLHpEfMN8=
-18,17,o9qtPeaHwT7iu8X6UMmvO3FTT1g=,qj+SJc/JMOs0xBNVrUd+0UsZ+bc=
-19,19,o9qtPeaHwT7iu8X6UMmvO3FTT1g=,BYLdQqLndp2ou83z2Gr1dc9vvKQ=
-20,19,o9qtPeaHwT7iu8X6UMmvO3FTT1g=,BYLdQqLndp2ou83z2Gr1dc9vvKQ=
-18,18,o9qtPeaHwT7iu8X6UMmvO3FTT1g=,4sq/bJOgjHFQ052t7FFrX3G2qXs=
-18,19,o9qtPeaHwT7iu8X6UMmvO3FTT1g=,4sq/bJOgjHFQ052t7FFrX3G2qXs=
-19,17,o9qtPeaHwT7iu8X6UMmvO3FTT1g=,YOCap9+mSjwjethQbtTLHpEfMN8=
-19,18,o9qtPeaHwT7iu8X6UMmvO3FTT1g=,BYLdQqLndp2ou83z2Gr1dc9vvKQ=
-17,16,o9qtPeaHwT7iu8X6UMmvO3FTT1g=,qj+SJc/JMOs0xBNVrUd+0UsZ+bc=
-20,16,o9qtPeaHwT7iu8X6UMmvO3FTT1g=,YOCap9+mSjwjethQbtTLHpEfMN8=
-18,16,o9qtPeaHwT7iu8X6UMmvO3FTT1g=,qj+SJc/JMOs0xBNVrUd+0UsZ+bc=
-17,17,o9qtPeaHwT7iu8X6UMmvO3FTT1g=,qj+SJc/JMOs0xBNVrUd+0UsZ+bc=
-17,18,o9qtPeaHwT7iu8X6UMmvO3FTT1g=,4sq/bJOgjHFQ052t7FFrX3G2qXs=
-17,19,o9qtPeaHwT7iu8X6UMmvO3FTT1g=,4sq/bJOgjHFQ052t7FFrX3G2qXs=
-19,16,o9qtPeaHwT7iu8X6UMmvO3FTT1g=,YOCap9+mSjwjethQbtTLHpEfMN8=
-9,18,QdM/ju2k1711iMXfdNfPA19b9/w=,VvQcaiLeBQHHEqP70fHo3D+mT9U=
-8,18,QdM/ju2k1711iMXfdNfPA19b9/w=,X0ooy1NwQRYsYb8gt+vr26bjjfs=
-8,17,QdM/ju2k1711iMXfdNfPA19b9/w=,S7a+Ekj2+b/FQ6CbdI/F7E6Xnqg=
-9,17,QdM/ju2k1711iMXfdNfPA19b9/w=,maQBpMUwrWEJviqe8serOaXSabs=
-11,17,BxNtSeuTEiaun4txfy5HSCvPs30=,UeJpF6Ms0tKXEsXAx2ivQ2xJGDs=
-10,17,BxNtSeuTEiaun4txfy5HSCvPs30=,maQBpMUwrWEJviqe8serOaXSabs=
-10,18,BxNtSeuTEiaun4txfy5HSCvPs30=,VvQcaiLeBQHHEqP70fHo3D+mT9U=
-11,18,BxNtSeuTEiaun4txfy5HSCvPs30=,LkFRfu59sNVpZEkUKNyX5RdqTiI=
-7,17,BxNtSeuTEiaun4txfy5HSCvPs30=,S7a+Ekj2+b/FQ6CbdI/F7E6Xnqg=
-7,18,BxNtSeuTEiaun4txfy5HSCvPs30=,X0ooy1NwQRYsYb8gt+vr26bjjfs=
-6,17,BxNtSeuTEiaun4txfy5HSCvPs30=,EH548OJVAOnN2pfpsL5gjGAOom8=
-6,18,BxNtSeuTEiaun4txfy5HSCvPs30=,r5JFpm1/v3E3t6XY9Nbj7EW9HaU=
-4,18,BxNtSeuTEiaun4txfy5HSCvPs30=,+gek2Qb7lfWe8DHtmFX7aKh2UpA=
-4,17,BxNtSeuTEiaun4txfy5HSCvPs30=,dyLwnFE8XdRXwQ/jxaTzmyn0N4A=
-5,18,l/Aq1zrz1ynGGqasT+7cY6BNJ3A=,r5JFpm1/v3E3t6XY9Nbj7EW9HaU=
-5,17,l/Aq1zrz1ynGGqasT+7cY6BNJ3A=,EH548OJVAOnN2pfpsL5gjGAOom8=
-3,18,l/Aq1zrz1ynGGqasT+7cY6BNJ3A=,+gek2Qb7lfWe8DHtmFX7aKh2UpA=
-3,17,l/Aq1zrz1ynGGqasT+7cY6BNJ3A=,dyLwnFE8XdRXwQ/jxaTzmyn0N4A=
-2,18,l/Aq1zrz1ynGGqasT+7cY6BNJ3A=,ppu6iF1slRPhesthZQtiGHzsvUc=
-2,17,l/Aq1zrz1ynGGqasT+7cY6BNJ3A=,3fIvl2iHlXpYa7SsLdfHdh3dmWE=
-2,19,l/Aq1zrz1ynGGqasT+7cY6BNJ3A=,ppu6iF1slRPhesthZQtiGHzsvUc=
-2,16,l/Aq1zrz1ynGGqasT+7cY6BNJ3A=,3fIvl2iHlXpYa7SsLdfHdh3dmWE=
-3,16,l/Aq1zrz1ynGGqasT+7cY6BNJ3A=,dyLwnFE8XdRXwQ/jxaTzmyn0N4A=
-3,19,l/Aq1zrz1ynGGqasT+7cY6BNJ3A=,+gek2Qb7lfWe8DHtmFX7aKh2UpA=
-1,18,l/Aq1zrz1ynGGqasT+7cY6BNJ3A=,ppu6iF1slRPhesthZQtiGHzsvUc=
-1,17,l/Aq1zrz1ynGGqasT+7cY6BNJ3A=,3fIvl2iHlXpYa7SsLdfHdh3dmWE=
-1,16,l/Aq1zrz1ynGGqasT+7cY6BNJ3A=,3fIvl2iHlXpYa7SsLdfHdh3dmWE=
-4,19,l/Aq1zrz1ynGGqasT+7cY6BNJ3A=,+gek2Qb7lfWe8DHtmFX7aKh2UpA=
-5,19,l/Aq1zrz1ynGGqasT+7cY6BNJ3A=,r5JFpm1/v3E3t6XY9Nbj7EW9HaU=
-9,19,l/Aq1zrz1ynGGqasT+7cY6BNJ3A=,VvQcaiLeBQHHEqP70fHo3D+mT9U=
-8,19,l/Aq1zrz1ynGGqasT+7cY6BNJ3A=,X0ooy1NwQRYsYb8gt+vr26bjjfs=
-1,19,l/Aq1zrz1ynGGqasT+7cY6BNJ3A=,ppu6iF1slRPhesthZQtiGHzsvUc=
-7,19,l/Aq1zrz1ynGGqasT+7cY6BNJ3A=,X0ooy1NwQRYsYb8gt+vr26bjjfs=
-6,19,l/Aq1zrz1ynGGqasT+7cY6BNJ3A=,r5JFpm1/v3E3t6XY9Nbj7EW9HaU=
-10,19,l/Aq1zrz1ynGGqasT+7cY6BNJ3A=,VvQcaiLeBQHHEqP70fHo3D+mT9U=
-11,19,l/Aq1zrz1ynGGqasT+7cY6BNJ3A=,LkFRfu59sNVpZEkUKNyX5RdqTiI=
-12,19,/MOlQ8U7EDcbcJSCiwT9QVtNcWU=,LkFRfu59sNVpZEkUKNyX5RdqTiI=
-13,19,/MOlQ8U7EDcbcJSCiwT9QVtNcWU=,UEXLicjC5io3ZR4V1GJfMq8d6ac=
-13,18,/MOlQ8U7EDcbcJSCiwT9QVtNcWU=,UEXLicjC5io3ZR4V1GJfMq8d6ac=
-15,17,/MOlQ8U7EDcbcJSCiwT9QVtNcWU=,QbVAH0gtRt6w3jCkBm6I5HpIITk=
-14,18,/MOlQ8U7EDcbcJSCiwT9QVtNcWU=,UEXLicjC5io3ZR4V1GJfMq8d6ac=
-15,18,/MOlQ8U7EDcbcJSCiwT9QVtNcWU=,CecoS+QMQTmuNqMveng14174RlM=
-14,17,/MOlQ8U7EDcbcJSCiwT9QVtNcWU=,+7/lDt1ltBrp09wBJ6O2TmZsckc=
-12,17,/MOlQ8U7EDcbcJSCiwT9QVtNcWU=,UeJpF6Ms0tKXEsXAx2ivQ2xJGDs=
-13,17,/MOlQ8U7EDcbcJSCiwT9QVtNcWU=,+7/lDt1ltBrp09wBJ6O2TmZsckc=
-12,18,/MOlQ8U7EDcbcJSCiwT9QVtNcWU=,LkFRfu59sNVpZEkUKNyX5RdqTiI=
-14,19,/MOlQ8U7EDcbcJSCiwT9QVtNcWU=,UEXLicjC5io3ZR4V1GJfMq8d6ac=
-16,19,/MOlQ8U7EDcbcJSCiwT9QVtNcWU=,CecoS+QMQTmuNqMveng14174RlM=
-15,19,/MOlQ8U7EDcbcJSCiwT9QVtNcWU=,CecoS+QMQTmuNqMveng14174RlM=
-16,17,/MOlQ8U7EDcbcJSCiwT9QVtNcWU=,QbVAH0gtRt6w3jCkBm6I5HpIITk=
-16,18,/MOlQ8U7EDcbcJSCiwT9QVtNcWU=,CecoS+QMQTmuNqMveng14174RlM=
-16,16,/MOlQ8U7EDcbcJSCiwT9QVtNcWU=,QbVAH0gtRt6w3jCkBm6I5HpIITk=
-15,16,/MOlQ8U7EDcbcJSCiwT9QVtNcWU=,QbVAH0gtRt6w3jCkBm6I5HpIITk=
-14,16,/MOlQ8U7EDcbcJSCiwT9QVtNcWU=,+7/lDt1ltBrp09wBJ6O2TmZsckc=
-11,16,/MOlQ8U7EDcbcJSCiwT9QVtNcWU=,UeJpF6Ms0tKXEsXAx2ivQ2xJGDs=
-12,16,/MOlQ8U7EDcbcJSCiwT9QVtNcWU=,UeJpF6Ms0tKXEsXAx2ivQ2xJGDs=
-10,16,/MOlQ8U7EDcbcJSCiwT9QVtNcWU=,maQBpMUwrWEJviqe8serOaXSabs=
-4,16,/MOlQ8U7EDcbcJSCiwT9QVtNcWU=,dyLwnFE8XdRXwQ/jxaTzmyn0N4A=
-13,16,/MOlQ8U7EDcbcJSCiwT9QVtNcWU=,+7/lDt1ltBrp09wBJ6O2TmZsckc=
-7,16,/MOlQ8U7EDcbcJSCiwT9QVtNcWU=,S7a+Ekj2+b/FQ6CbdI/F7E6Xnqg=
-6,16,/MOlQ8U7EDcbcJSCiwT9QVtNcWU=,EH548OJVAOnN2pfpsL5gjGAOom8=
-8,16,/MOlQ8U7EDcbcJSCiwT9QVtNcWU=,S7a+Ekj2+b/FQ6CbdI/F7E6Xnqg=
-5,16,/MOlQ8U7EDcbcJSCiwT9QVtNcWU=,EH548OJVAOnN2pfpsL5gjGAOom8=
-9,16,/MOlQ8U7EDcbcJSCiwT9QVtNcWU=,maQBpMUwrWEJviqe8serOaXSabs=
-11,13,H2YEvdv/Fkux1LjLjRSsEjsl1+o=,C2bNDu2RE23L4MiWkujdU3qnyCU=
-10,14,H2YEvdv/Fkux1LjLjRSsEjsl1+o=,5kum9RhNKEwg1YTYAHsuXDeSYCA=
-10,13,H2YEvdv/Fkux1LjLjRSsEjsl1+o=,EPI6oTq9+RJpP9kyYMvTk/TnVYQ=
-11,14,H2YEvdv/Fkux1LjLjRSsEjsl1+o=,zc4pHGKn91YvKppt41HtwKltOFA=
-9,11,azeZUk7TIY+tDYUAxr3BxHyBLmQ=,+iVSv23XRLU1dAh7tYSYfurMKjc=
-8,11,azeZUk7TIY+tDYUAxr3BxHyBLmQ=,MevSuB34cgmx7qHdKGfvdo1LGGs=
-8,12,azeZUk7TIY+tDYUAxr3BxHyBLmQ=,e/+K6y6q7PrWcN2aOBfn7wX5ZB8=
-9,12,azeZUk7TIY+tDYUAxr3BxHyBLmQ=,EPI6oTq9+RJpP9kyYMvTk/TnVYQ=
-11,11,azeZUk7TIY+tDYUAxr3BxHyBLmQ=,C9DI1/1ochWg3qLvpmwpwR8K5AQ=
-10,11,azeZUk7TIY+tDYUAxr3BxHyBLmQ=,+iVSv23XRLU1dAh7tYSYfurMKjc=
-11,12,azeZUk7TIY+tDYUAxr3BxHyBLmQ=,C2bNDu2RE23L4MiWkujdU3qnyCU=
-10,12,azeZUk7TIY+tDYUAxr3BxHyBLmQ=,EPI6oTq9+RJpP9kyYMvTk/TnVYQ=
-4,10,nYjF9b7hHt4VOeAymV5uh/GC7Kg=,TCvzVeYXj21+53Vx8JKus1wGPzM=
-5,10,nYjF9b7hHt4VOeAymV5uh/GC7Kg=,ieXl4cKZYgLUZkoGdCyFuTW5awo=
-5,9,nYjF9b7hHt4VOeAymV5uh/GC7Kg=,8WmD7sif4Pr4Rah8D9z3Dj6PlCU=
-4,9,nYjF9b7hHt4VOeAymV5uh/GC7Kg=,hW1KdSHOeNRfFUNZJyFTLsCFV1U=
-5,8,6zhDCp09a0o06SRTPc3t9krYNX0=,8WmD7sif4Pr4Rah8D9z3Dj6PlCU=
-5,7,6zhDCp09a0o06SRTPc3t9krYNX0=,s8xzMZugJTBeThOF9G8dNnHi8/I=
-4,8,6zhDCp09a0o06SRTPc3t9krYNX0=,hW1KdSHOeNRfFUNZJyFTLsCFV1U=
-4,7,6zhDCp09a0o06SRTPc3t9krYNX0=,eZHhiAawTeYR0lKDE3XfhYF7FIo=
-2,8,6zhDCp09a0o06SRTPc3t9krYNX0=,LxxKxoaou0AIHXWibblUaAxPKZI=
-2,7,BmUe9xbR5CImaBZmc1iLGe8LnZs=,Vy0Kwrce/iz2YxKcSZXqzWcZqEE=
-3,8,BmUe9xbR5CImaBZmc1iLGe8LnZs=,hW1KdSHOeNRfFUNZJyFTLsCFV1U=
-3,7,BmUe9xbR5CImaBZmc1iLGe8LnZs=,eZHhiAawTeYR0lKDE3XfhYF7FIo=
-5,5,BmUe9xbR5CImaBZmc1iLGe8LnZs=,0rbOFJQM6eUom9+z9E227o5Q02s=
-5,6,BmUe9xbR5CImaBZmc1iLGe8LnZs=,s8xzMZugJTBeThOF9G8dNnHi8/I=
-4,5,BmUe9xbR5CImaBZmc1iLGe8LnZs=,BsyoXpeUXuO/EIcKTgFq1HR1ZFo=
-4,6,BmUe9xbR5CImaBZmc1iLGe8LnZs=,eZHhiAawTeYR0lKDE3XfhYF7FIo=
-3,6,BmUe9xbR5CImaBZmc1iLGe8LnZs=,eZHhiAawTeYR0lKDE3XfhYF7FIo=
-2,6,BmUe9xbR5CImaBZmc1iLGe8LnZs=,Vy0Kwrce/iz2YxKcSZXqzWcZqEE=
-2,5,BmUe9xbR5CImaBZmc1iLGe8LnZs=,HJmt913IQDMtNE/hOqq7sJEoCYo=
-3,5,BmUe9xbR5CImaBZmc1iLGe8LnZs=,BsyoXpeUXuO/EIcKTgFq1HR1ZFo=
-5,3,So4q4JERQlYVlf4jDeOJTtkW7G4=,rWEwGGXgEf16Vssvfpob4wBtNE0=
-4,3,So4q4JERQlYVlf4jDeOJTtkW7G4=,jS6/FgVWDJG1cYOLeUF4PzUhu4U=
-4,4,So4q4JERQlYVlf4jDeOJTtkW7G4=,BsyoXpeUXuO/EIcKTgFq1HR1ZFo=
-5,4,So4q4JERQlYVlf4jDeOJTtkW7G4=,0rbOFJQM6eUom9+z9E227o5Q02s=
-2,4,So4q4JERQlYVlf4jDeOJTtkW7G4=,HJmt913IQDMtNE/hOqq7sJEoCYo=
-3,4,So4q4JERQlYVlf4jDeOJTtkW7G4=,BsyoXpeUXuO/EIcKTgFq1HR1ZFo=
-3,3,So4q4JERQlYVlf4jDeOJTtkW7G4=,jS6/FgVWDJG1cYOLeUF4PzUhu4U=
-2,3,So4q4JERQlYVlf4jDeOJTtkW7G4=,NlUhPxzwdBiIbvqowoe3u5+09sQ=
-4,2,So4q4JERQlYVlf4jDeOJTtkW7G4=,jS6/FgVWDJG1cYOLeUF4PzUhu4U=
-5,1,So4q4JERQlYVlf4jDeOJTtkW7G4=,R7EM3UYS2FuVBRe3aFxM6/boIYg=
-5,2,So4q4JERQlYVlf4jDeOJTtkW7G4=,rWEwGGXgEf16Vssvfpob4wBtNE0=
-4,1,So4q4JERQlYVlf4jDeOJTtkW7G4=,+/h1ys53+153RBWueBj2cOW5xdk=
-3,1,hwmiopGmJRad4YrRi6feZY1lzaY=,+/h1ys53+153RBWueBj2cOW5xdk=
-2,1,hwmiopGmJRad4YrRi6feZY1lzaY=,kZ476YJeTXvaq03D5yld8NvU0dw=
-2,2,hwmiopGmJRad4YrRi6feZY1lzaY=,NlUhPxzwdBiIbvqowoe3u5+09sQ=
-3,2,hwmiopGmJRad4YrRi6feZY1lzaY=,jS6/FgVWDJG1cYOLeUF4PzUhu4U=
-7,1,hwmiopGmJRad4YrRi6feZY1lzaY=,D413aQdN85iFZvm4/sQT6CXZudo=
-6,2,hwmiopGmJRad4YrRi6feZY1lzaY=,rWEwGGXgEf16Vssvfpob4wBtNE0=
-7,2,hwmiopGmJRad4YrRi6feZY1lzaY=,mw0nhMyds0ZlroBPMTQ3x6Dk5Hk=
-6,1,hwmiopGmJRad4YrRi6feZY1lzaY=,R7EM3UYS2FuVBRe3aFxM6/boIYg=
-6,4,hwmiopGmJRad4YrRi6feZY1lzaY=,0rbOFJQM6eUom9+z9E227o5Q02s=
-7,3,zlXV1Wrvw6mQl8ct5s/Vxd5GLk4=,mw0nhMyds0ZlroBPMTQ3x6Dk5Hk=
-6,3,zlXV1Wrvw6mQl8ct5s/Vxd5GLk4=,rWEwGGXgEf16Vssvfpob4wBtNE0=
-7,4,zlXV1Wrvw6mQl8ct5s/Vxd5GLk4=,5sOV30kk1zc7oMQtwD9QCcFro9A=
-6,6,zlXV1Wrvw6mQl8ct5s/Vxd5GLk4=,s8xzMZugJTBeThOF9G8dNnHi8/I=
-7,5,zlXV1Wrvw6mQl8ct5s/Vxd5GLk4=,5sOV30kk1zc7oMQtwD9QCcFro9A=
-6,5,zlXV1Wrvw6mQl8ct5s/Vxd5GLk4=,0rbOFJQM6eUom9+z9E227o5Q02s=
-7,6,zlXV1Wrvw6mQl8ct5s/Vxd5GLk4=,/OEJZp44iarYmLziAB8bO613/eQ=
-7,9,zlXV1Wrvw6mQl8ct5s/Vxd5GLk4=,2xk4+WwE+fSpa2hHU/CGTFP0trc=
-7,8,zlXV1Wrvw6mQl8ct5s/Vxd5GLk4=,2xk4+WwE+fSpa2hHU/CGTFP0trc=
-7,10,zlXV1Wrvw6mQl8ct5s/Vxd5GLk4=,MevSuB34cgmx7qHdKGfvdo1LGGs=
-6,7,zlXV1Wrvw6mQl8ct5s/Vxd5GLk4=,s8xzMZugJTBeThOF9G8dNnHi8/I=
-6,9,zlXV1Wrvw6mQl8ct5s/Vxd5GLk4=,8WmD7sif4Pr4Rah8D9z3Dj6PlCU=
-6,10,zlXV1Wrvw6mQl8ct5s/Vxd5GLk4=,ieXl4cKZYgLUZkoGdCyFuTW5awo=
-6,8,zlXV1Wrvw6mQl8ct5s/Vxd5GLk4=,8WmD7sif4Pr4Rah8D9z3Dj6PlCU=
-7,7,zlXV1Wrvw6mQl8ct5s/Vxd5GLk4=,/OEJZp44iarYmLziAB8bO613/eQ=
-9,10,869VFQyYMhW6IFTQLfc+IEkuy/s=,+iVSv23XRLU1dAh7tYSYfurMKjc=
-8,9,869VFQyYMhW6IFTQLfc+IEkuy/s=,2xk4+WwE+fSpa2hHU/CGTFP0trc=
-8,10,869VFQyYMhW6IFTQLfc+IEkuy/s=,MevSuB34cgmx7qHdKGfvdo1LGGs=
-9,9,869VFQyYMhW6IFTQLfc+IEkuy/s=,Zplki2NOR52aM0QMEzeAO5v6PKE=
-9,8,869VFQyYMhW6IFTQLfc+IEkuy/s=,Zplki2NOR52aM0QMEzeAO5v6PKE=
-8,8,869VFQyYMhW6IFTQLfc+IEkuy/s=,2xk4+WwE+fSpa2hHU/CGTFP0trc=
-9,7,869VFQyYMhW6IFTQLfc+IEkuy/s=,n0z3r19LaDrGm0oeOJ+N4EzkI3Q=
-8,7,869VFQyYMhW6IFTQLfc+IEkuy/s=,/OEJZp44iarYmLziAB8bO613/eQ=
-10,8,869VFQyYMhW6IFTQLfc+IEkuy/s=,Zplki2NOR52aM0QMEzeAO5v6PKE=
-10,9,869VFQyYMhW6IFTQLfc+IEkuy/s=,Zplki2NOR52aM0QMEzeAO5v6PKE=
-11,7,869VFQyYMhW6IFTQLfc+IEkuy/s=,FCdcnRHiYyd95Fp1irBeDot35bg=
-11,8,869VFQyYMhW6IFTQLfc+IEkuy/s=,JTWZjnYFEU93uV3K9WXdzMnq328=
-11,9,869VFQyYMhW6IFTQLfc+IEkuy/s=,JTWZjnYFEU93uV3K9WXdzMnq328=
-10,10,869VFQyYMhW6IFTQLfc+IEkuy/s=,+iVSv23XRLU1dAh7tYSYfurMKjc=
-10,7,869VFQyYMhW6IFTQLfc+IEkuy/s=,n0z3r19LaDrGm0oeOJ+N4EzkI3Q=
-11,10,869VFQyYMhW6IFTQLfc+IEkuy/s=,C9DI1/1ochWg3qLvpmwpwR8K5AQ=
-11,6,xYXQkJoB7thnBD+X0OdGpJLEE50=,FCdcnRHiYyd95Fp1irBeDot35bg=
-10,5,xYXQkJoB7thnBD+X0OdGpJLEE50=,K5JG2+LNdBHPCUACp6Dm4WZx0Zs=
-9,6,xYXQkJoB7thnBD+X0OdGpJLEE50=,n0z3r19LaDrGm0oeOJ+N4EzkI3Q=
-11,5,xYXQkJoB7thnBD+X0OdGpJLEE50=,qO6TYffzdbsCGkxtgeEHArpon4Q=
-8,6,xYXQkJoB7thnBD+X0OdGpJLEE50=,/OEJZp44iarYmLziAB8bO613/eQ=
-10,6,xYXQkJoB7thnBD+X0OdGpJLEE50=,n0z3r19LaDrGm0oeOJ+N4EzkI3Q=
-9,5,xYXQkJoB7thnBD+X0OdGpJLEE50=,K5JG2+LNdBHPCUACp6Dm4WZx0Zs=
-8,5,xYXQkJoB7thnBD+X0OdGpJLEE50=,5sOV30kk1zc7oMQtwD9QCcFro9A=
-9,4,xYXQkJoB7thnBD+X0OdGpJLEE50=,K5JG2+LNdBHPCUACp6Dm4WZx0Zs=
-8,3,xYXQkJoB7thnBD+X0OdGpJLEE50=,mw0nhMyds0ZlroBPMTQ3x6Dk5Hk=
-8,4,xYXQkJoB7thnBD+X0OdGpJLEE50=,5sOV30kk1zc7oMQtwD9QCcFro9A=
-10,4,xYXQkJoB7thnBD+X0OdGpJLEE50=,K5JG2+LNdBHPCUACp6Dm4WZx0Zs=
-11,3,xYXQkJoB7thnBD+X0OdGpJLEE50=,/HfM8zJYPoFf2rWAQhubJKBwEVs=
-11,4,xYXQkJoB7thnBD+X0OdGpJLEE50=,qO6TYffzdbsCGkxtgeEHArpon4Q=
-10,3,vGBc/EHWX92hjuWMoPh8esTimOw=,XcF0Ux2OxIB1z/FvbH3qd0QjPhU=
-9,3,vGBc/EHWX92hjuWMoPh8esTimOw=,XcF0Ux2OxIB1z/FvbH3qd0QjPhU=
-10,1,vGBc/EHWX92hjuWMoPh8esTimOw=,21y900yDvQbBHmVTFvBRlUlcayE=
-11,2,vGBc/EHWX92hjuWMoPh8esTimOw=,/HfM8zJYPoFf2rWAQhubJKBwEVs=
-9,1,vGBc/EHWX92hjuWMoPh8esTimOw=,21y900yDvQbBHmVTFvBRlUlcayE=
-8,2,vGBc/EHWX92hjuWMoPh8esTimOw=,mw0nhMyds0ZlroBPMTQ3x6Dk5Hk=
-11,1,vGBc/EHWX92hjuWMoPh8esTimOw=,4vqLNYxzRMQ2cgKI+KLVpgTyugw=
-8,1,vGBc/EHWX92hjuWMoPh8esTimOw=,D413aQdN85iFZvm4/sQT6CXZudo=
-10,2,vGBc/EHWX92hjuWMoPh8esTimOw=,XcF0Ux2OxIB1z/FvbH3qd0QjPhU=
-9,2,vGBc/EHWX92hjuWMoPh8esTimOw=,XcF0Ux2OxIB1z/FvbH3qd0QjPhU=
-12,1,dsKUTxvAwsWYzrUwVAV5V0bwE0w=,4vqLNYxzRMQ2cgKI+KLVpgTyugw=
-13,4,dsKUTxvAwsWYzrUwVAV5V0bwE0w=,o92Q3LyvyMIQGdPqpl31va5rqSU=
-12,2,dsKUTxvAwsWYzrUwVAV5V0bwE0w=,/HfM8zJYPoFf2rWAQhubJKBwEVs=
-12,4,dsKUTxvAwsWYzrUwVAV5V0bwE0w=,qO6TYffzdbsCGkxtgeEHArpon4Q=
-13,3,dsKUTxvAwsWYzrUwVAV5V0bwE0w=,+u9vAiKUW77WHCAT1V0010tRGFE=
-12,3,dsKUTxvAwsWYzrUwVAV5V0bwE0w=,/HfM8zJYPoFf2rWAQhubJKBwEVs=
-13,2,dsKUTxvAwsWYzrUwVAV5V0bwE0w=,+u9vAiKUW77WHCAT1V0010tRGFE=
-13,1,dsKUTxvAwsWYzrUwVAV5V0bwE0w=,liCpW2tjypTJ9kdDk8PUnaGxQr4=
-13,6,dsKUTxvAwsWYzrUwVAV5V0bwE0w=,vHuOfngvj4R/Ly5m5pbb8Vdefg4=
-12,5,dsKUTxvAwsWYzrUwVAV5V0bwE0w=,qO6TYffzdbsCGkxtgeEHArpon4Q=
-13,5,dsKUTxvAwsWYzrUwVAV5V0bwE0w=,o92Q3LyvyMIQGdPqpl31va5rqSU=
-12,6,dsKUTxvAwsWYzrUwVAV5V0bwE0w=,FCdcnRHiYyd95Fp1irBeDot35bg=
-15,4,jO44mhEkqejQDP1rmcYibiG4M4M=,NCPdr9BoXN6vF7Y12CLS58FiWL0=
-14,4,jO44mhEkqejQDP1rmcYibiG4M4M=,o92Q3LyvyMIQGdPqpl31va5rqSU=
-15,3,jO44mhEkqejQDP1rmcYibiG4M4M=,eEf2rpsfAcv3/cmLCzpD6+FYdJk=
-14,6,jO44mhEkqejQDP1rmcYibiG4M4M=,vHuOfngvj4R/Ly5m5pbb8Vdefg4=
-15,6,jO44mhEkqejQDP1rmcYibiG4M4M=,Qbw922LaMQX5cNFcGhvsTx0hX+Q=
-14,3,jO44mhEkqejQDP1rmcYibiG4M4M=,+u9vAiKUW77WHCAT1V0010tRGFE=
-14,5,jO44mhEkqejQDP1rmcYibiG4M4M=,o92Q3LyvyMIQGdPqpl31va5rqSU=
-15,5,jO44mhEkqejQDP1rmcYibiG4M4M=,NCPdr9BoXN6vF7Y12CLS58FiWL0=
-13,8,jO44mhEkqejQDP1rmcYibiG4M4M=,hZ5t90fxR72k8TuMoCKGmi5Wsxc=
-13,7,jO44mhEkqejQDP1rmcYibiG4M4M=,vHuOfngvj4R/Ly5m5pbb8Vdefg4=
-12,7,jO44mhEkqejQDP1rmcYibiG4M4M=,FCdcnRHiYyd95Fp1irBeDot35bg=
-12,8,jO44mhEkqejQDP1rmcYibiG4M4M=,JTWZjnYFEU93uV3K9WXdzMnq328=
-14,8,jO44mhEkqejQDP1rmcYibiG4M4M=,hZ5t90fxR72k8TuMoCKGmi5Wsxc=
-14,7,jO44mhEkqejQDP1rmcYibiG4M4M=,vHuOfngvj4R/Ly5m5pbb8Vdefg4=
-15,7,jO44mhEkqejQDP1rmcYibiG4M4M=,Qbw922LaMQX5cNFcGhvsTx0hX+Q=
-15,8,jO44mhEkqejQDP1rmcYibiG4M4M=,HiEtdjhj52YRa9HsLVdrzVhCU5I=
-14,10,dONP+zVxP9+FGqPvGLJEn6NKLVk=,aeLERf046OAzPvJ7hZ5anGEneG0=
-14,9,dONP+zVxP9+FGqPvGLJEn6NKLVk=,hZ5t90fxR72k8TuMoCKGmi5Wsxc=
-15,10,dONP+zVxP9+FGqPvGLJEn6NKLVk=,LNLGj1S7WaSIqsjBWrDuWL7OYi8=
-13,9,dONP+zVxP9+FGqPvGLJEn6NKLVk=,hZ5t90fxR72k8TuMoCKGmi5Wsxc=
-13,12,dONP+zVxP9+FGqPvGLJEn6NKLVk=,0X4QG2Anh0xtNhaiH0m3wJ7yZT8=
-12,11,dONP+zVxP9+FGqPvGLJEn6NKLVk=,C9DI1/1ochWg3qLvpmwpwR8K5AQ=
-12,9,dONP+zVxP9+FGqPvGLJEn6NKLVk=,JTWZjnYFEU93uV3K9WXdzMnq328=
-13,11,dONP+zVxP9+FGqPvGLJEn6NKLVk=,aeLERf046OAzPvJ7hZ5anGEneG0=
-13,10,dONP+zVxP9+FGqPvGLJEn6NKLVk=,aeLERf046OAzPvJ7hZ5anGEneG0=
-15,9,dONP+zVxP9+FGqPvGLJEn6NKLVk=,HiEtdjhj52YRa9HsLVdrzVhCU5I=
-12,10,dONP+zVxP9+FGqPvGLJEn6NKLVk=,C9DI1/1ochWg3qLvpmwpwR8K5AQ=
-12,12,dONP+zVxP9+FGqPvGLJEn6NKLVk=,C2bNDu2RE23L4MiWkujdU3qnyCU=
-14,12,dONP+zVxP9+FGqPvGLJEn6NKLVk=,0X4QG2Anh0xtNhaiH0m3wJ7yZT8=
-15,12,dONP+zVxP9+FGqPvGLJEn6NKLVk=,7Sdelqczw2uusGbDX8N6GwCGBg0=
-15,11,dONP+zVxP9+FGqPvGLJEn6NKLVk=,LNLGj1S7WaSIqsjBWrDuWL7OYi8=
-14,11,dONP+zVxP9+FGqPvGLJEn6NKLVk=,aeLERf046OAzPvJ7hZ5anGEneG0=
-13,14,dONP+zVxP9+FGqPvGLJEn6NKLVk=,xGCwBqiGjlC+8G6Sr3J7nGLEljE=
-13,13,PufHRtUdktQBn4NgcCOdKqu+ocA=,0X4QG2Anh0xtNhaiH0m3wJ7yZT8=
-12,14,PufHRtUdktQBn4NgcCOdKqu+ocA=,zc4pHGKn91YvKppt41HtwKltOFA=
-12,13,PufHRtUdktQBn4NgcCOdKqu+ocA=,C2bNDu2RE23L4MiWkujdU3qnyCU=
-14,14,PufHRtUdktQBn4NgcCOdKqu+ocA=,xGCwBqiGjlC+8G6Sr3J7nGLEljE=
-16,12,PufHRtUdktQBn4NgcCOdKqu+ocA=,7Sdelqczw2uusGbDX8N6GwCGBg0=
-16,11,PufHRtUdktQBn4NgcCOdKqu+ocA=,LNLGj1S7WaSIqsjBWrDuWL7OYi8=
-15,14,PufHRtUdktQBn4NgcCOdKqu+ocA=,nobJrSXewD3CxHISG0KElD6vams=
-16,14,PufHRtUdktQBn4NgcCOdKqu+ocA=,nobJrSXewD3CxHISG0KElD6vams=
-16,10,PufHRtUdktQBn4NgcCOdKqu+ocA=,LNLGj1S7WaSIqsjBWrDuWL7OYi8=
-15,13,PufHRtUdktQBn4NgcCOdKqu+ocA=,7Sdelqczw2uusGbDX8N6GwCGBg0=
-15,15,PufHRtUdktQBn4NgcCOdKqu+ocA=,nobJrSXewD3CxHISG0KElD6vams=
-14,15,PufHRtUdktQBn4NgcCOdKqu+ocA=,xGCwBqiGjlC+8G6Sr3J7nGLEljE=
-16,13,PufHRtUdktQBn4NgcCOdKqu+ocA=,7Sdelqczw2uusGbDX8N6GwCGBg0=
-16,9,PufHRtUdktQBn4NgcCOdKqu+ocA=,HiEtdjhj52YRa9HsLVdrzVhCU5I=
-14,13,PufHRtUdktQBn4NgcCOdKqu+ocA=,0X4QG2Anh0xtNhaiH0m3wJ7yZT8=
-16,5,PufHRtUdktQBn4NgcCOdKqu+ocA=,NCPdr9BoXN6vF7Y12CLS58FiWL0=
-16,7,PufHRtUdktQBn4NgcCOdKqu+ocA=,Qbw922LaMQX5cNFcGhvsTx0hX+Q=
-16,6,PufHRtUdktQBn4NgcCOdKqu+ocA=,Qbw922LaMQX5cNFcGhvsTx0hX+Q=
-16,8,PufHRtUdktQBn4NgcCOdKqu+ocA=,HiEtdjhj52YRa9HsLVdrzVhCU5I=
-16,3,PufHRtUdktQBn4NgcCOdKqu+ocA=,eEf2rpsfAcv3/cmLCzpD6+FYdJk=
-16,4,PufHRtUdktQBn4NgcCOdKqu+ocA=,NCPdr9BoXN6vF7Y12CLS58FiWL0=
-12,0,PufHRtUdktQBn4NgcCOdKqu+ocA=,4vqLNYxzRMQ2cgKI+KLVpgTyugw=
-13,0,PufHRtUdktQBn4NgcCOdKqu+ocA=,liCpW2tjypTJ9kdDk8PUnaGxQr4=
-11,0,PufHRtUdktQBn4NgcCOdKqu+ocA=,4vqLNYxzRMQ2cgKI+KLVpgTyugw=
-10,0,PufHRtUdktQBn4NgcCOdKqu+ocA=,21y900yDvQbBHmVTFvBRlUlcayE=
-16,2,kBrSNq0THhzIGPkVjVqGQAEby20=,eEf2rpsfAcv3/cmLCzpD6+FYdJk=
-14,1,kBrSNq0THhzIGPkVjVqGQAEby20=,liCpW2tjypTJ9kdDk8PUnaGxQr4=
-14,0,kBrSNq0THhzIGPkVjVqGQAEby20=,liCpW2tjypTJ9kdDk8PUnaGxQr4=
-14,2,kBrSNq0THhzIGPkVjVqGQAEby20=,+u9vAiKUW77WHCAT1V0010tRGFE=
-15,2,kBrSNq0THhzIGPkVjVqGQAEby20=,eEf2rpsfAcv3/cmLCzpD6+FYdJk=
-15,0,kBrSNq0THhzIGPkVjVqGQAEby20=,hIQB7EJb35b/2pc8idbNRbKICtI=
-9,0,kBrSNq0THhzIGPkVjVqGQAEby20=,21y900yDvQbBHmVTFvBRlUlcayE=
-15,1,kBrSNq0THhzIGPkVjVqGQAEby20=,hIQB7EJb35b/2pc8idbNRbKICtI=
-8,0,kBrSNq0THhzIGPkVjVqGQAEby20=,D413aQdN85iFZvm4/sQT6CXZudo=
-16,1,kBrSNq0THhzIGPkVjVqGQAEby20=,hIQB7EJb35b/2pc8idbNRbKICtI=
-7,0,kBrSNq0THhzIGPkVjVqGQAEby20=,D413aQdN85iFZvm4/sQT6CXZudo=
-6,0,kBrSNq0THhzIGPkVjVqGQAEby20=,R7EM3UYS2FuVBRe3aFxM6/boIYg=
-4,0,kBrSNq0THhzIGPkVjVqGQAEby20=,+/h1ys53+153RBWueBj2cOW5xdk=
-5,0,kBrSNq0THhzIGPkVjVqGQAEby20=,R7EM3UYS2FuVBRe3aFxM6/boIYg=
-2,0,kBrSNq0THhzIGPkVjVqGQAEby20=,kZ476YJeTXvaq03D5yld8NvU0dw=
-3,0,kBrSNq0THhzIGPkVjVqGQAEby20=,+/h1ys53+153RBWueBj2cOW5xdk=
-1,5,kBrSNq0THhzIGPkVjVqGQAEby20=,HJmt913IQDMtNE/hOqq7sJEoCYo=
-1,6,kBrSNq0THhzIGPkVjVqGQAEby20=,Vy0Kwrce/iz2YxKcSZXqzWcZqEE=
-1,4,kBrSNq0THhzIGPkVjVqGQAEby20=,HJmt913IQDMtNE/hOqq7sJEoCYo=
-1,3,kBrSNq0THhzIGPkVjVqGQAEby20=,NlUhPxzwdBiIbvqowoe3u5+09sQ=
-1,2,kBrSNq0THhzIGPkVjVqGQAEby20=,NlUhPxzwdBiIbvqowoe3u5+09sQ=
-1,1,kBrSNq0THhzIGPkVjVqGQAEby20=,kZ476YJeTXvaq03D5yld8NvU0dw=
-1,8,kBrSNq0THhzIGPkVjVqGQAEby20=,LxxKxoaou0AIHXWibblUaAxPKZI=
-1,7,kBrSNq0THhzIGPkVjVqGQAEby20=,Vy0Kwrce/iz2YxKcSZXqzWcZqEE=
-2,10,zOeVn1q2WuRWULMXDZjG9Ze0ys8=,ch84/V3MGjCnwq0WXU42rJaV7g0=
-2,9,zOeVn1q2WuRWULMXDZjG9Ze0ys8=,LxxKxoaou0AIHXWibblUaAxPKZI=
-3,10,zOeVn1q2WuRWULMXDZjG9Ze0ys8=,TCvzVeYXj21+53Vx8JKus1wGPzM=
-3,9,zOeVn1q2WuRWULMXDZjG9Ze0ys8=,hW1KdSHOeNRfFUNZJyFTLsCFV1U=
-3,11,zOeVn1q2WuRWULMXDZjG9Ze0ys8=,TCvzVeYXj21+53Vx8JKus1wGPzM=
-2,11,zOeVn1q2WuRWULMXDZjG9Ze0ys8=,ch84/V3MGjCnwq0WXU42rJaV7g0=
-2,12,zOeVn1q2WuRWULMXDZjG9Ze0ys8=,N1vd3G4Ze0lnCTmt+KGZhtlFJ7E=
-3,12,zOeVn1q2WuRWULMXDZjG9Ze0ys8=,/0RvfhgoFy6X6/vJ+/mSQoj2Gg4=
-4,12,zOeVn1q2WuRWULMXDZjG9Ze0ys8=,/0RvfhgoFy6X6/vJ+/mSQoj2Gg4=
-4,11,zOeVn1q2WuRWULMXDZjG9Ze0ys8=,TCvzVeYXj21+53Vx8JKus1wGPzM=
-5,12,zOeVn1q2WuRWULMXDZjG9Ze0ys8=,YLc11HtIYDuBXyb6qbLtdjyebMw=
-5,11,zOeVn1q2WuRWULMXDZjG9Ze0ys8=,ieXl4cKZYgLUZkoGdCyFuTW5awo=
-6,11,zOeVn1q2WuRWULMXDZjG9Ze0ys8=,ieXl4cKZYgLUZkoGdCyFuTW5awo=
-7,11,zOeVn1q2WuRWULMXDZjG9Ze0ys8=,MevSuB34cgmx7qHdKGfvdo1LGGs=
-6,12,zOeVn1q2WuRWULMXDZjG9Ze0ys8=,YLc11HtIYDuBXyb6qbLtdjyebMw=
-7,12,zOeVn1q2WuRWULMXDZjG9Ze0ys8=,e/+K6y6q7PrWcN2aOBfn7wX5ZB8=
-4,14,NuC8tktgkVXY3DtN303EDpEyhJk=,T11n1Eq3F7omiVFzqWCaNZZv+gw=
-2,14,NuC8tktgkVXY3DtN303EDpEyhJk=,hUtugP7BhpUdc06zK9RDw/TSubw=
-4,13,NuC8tktgkVXY3DtN303EDpEyhJk=,/0RvfhgoFy6X6/vJ+/mSQoj2Gg4=
-3,13,NuC8tktgkVXY3DtN303EDpEyhJk=,/0RvfhgoFy6X6/vJ+/mSQoj2Gg4=
-5,13,NuC8tktgkVXY3DtN303EDpEyhJk=,YLc11HtIYDuBXyb6qbLtdjyebMw=
-5,14,NuC8tktgkVXY3DtN303EDpEyhJk=,Z2czj7wf1gnskPTEGy72ExUEsBM=
-2,13,NuC8tktgkVXY3DtN303EDpEyhJk=,N1vd3G4Ze0lnCTmt+KGZhtlFJ7E=
-3,14,NuC8tktgkVXY3DtN303EDpEyhJk=,T11n1Eq3F7omiVFzqWCaNZZv+gw=
-4,15,NuC8tktgkVXY3DtN303EDpEyhJk=,T11n1Eq3F7omiVFzqWCaNZZv+gw=
-8,14,NuC8tktgkVXY3DtN303EDpEyhJk=,BMZtZGjpVwgWLAl1/xhQLrrH8Vs=
-2,15,NuC8tktgkVXY3DtN303EDpEyhJk=,hUtugP7BhpUdc06zK9RDw/TSubw=
-5,15,NuC8tktgkVXY3DtN303EDpEyhJk=,Z2czj7wf1gnskPTEGy72ExUEsBM=
-7,14,NuC8tktgkVXY3DtN303EDpEyhJk=,BMZtZGjpVwgWLAl1/xhQLrrH8Vs=
-8,13,NuC8tktgkVXY3DtN303EDpEyhJk=,e/+K6y6q7PrWcN2aOBfn7wX5ZB8=
-3,15,NuC8tktgkVXY3DtN303EDpEyhJk=,T11n1Eq3F7omiVFzqWCaNZZv+gw=
-7,13,NuC8tktgkVXY3DtN303EDpEyhJk=,e/+K6y6q7PrWcN2aOBfn7wX5ZB8=
-9,14,NuC8tktgkVXY3DtN303EDpEyhJk=,5kum9RhNKEwg1YTYAHsuXDeSYCA=
-6,15,NuC8tktgkVXY3DtN303EDpEyhJk=,Z2czj7wf1gnskPTEGy72ExUEsBM=
-6,14,NuC8tktgkVXY3DtN303EDpEyhJk=,Z2czj7wf1gnskPTEGy72ExUEsBM=
-7,15,NuC8tktgkVXY3DtN303EDpEyhJk=,BMZtZGjpVwgWLAl1/xhQLrrH8Vs=
-9,13,NuC8tktgkVXY3DtN303EDpEyhJk=,EPI6oTq9+RJpP9kyYMvTk/TnVYQ=
-6,13,NuC8tktgkVXY3DtN303EDpEyhJk=,YLc11HtIYDuBXyb6qbLtdjyebMw=
-16,15,NuC8tktgkVXY3DtN303EDpEyhJk=,nobJrSXewD3CxHISG0KElD6vams=
-13,15,NuC8tktgkVXY3DtN303EDpEyhJk=,xGCwBqiGjlC+8G6Sr3J7nGLEljE=
-11,15,NuC8tktgkVXY3DtN303EDpEyhJk=,zc4pHGKn91YvKppt41HtwKltOFA=
-10,15,NuC8tktgkVXY3DtN303EDpEyhJk=,5kum9RhNKEwg1YTYAHsuXDeSYCA=
-12,15,NuC8tktgkVXY3DtN303EDpEyhJk=,zc4pHGKn91YvKppt41HtwKltOFA=
-9,15,NuC8tktgkVXY3DtN303EDpEyhJk=,5kum9RhNKEwg1YTYAHsuXDeSYCA=
-8,15,NuC8tktgkVXY3DtN303EDpEyhJk=,BMZtZGjpVwgWLAl1/xhQLrrH8Vs=
-1,14,NuC8tktgkVXY3DtN303EDpEyhJk=,hUtugP7BhpUdc06zK9RDw/TSubw=
-1,15,NuC8tktgkVXY3DtN303EDpEyhJk=,hUtugP7BhpUdc06zK9RDw/TSubw=
-1,13,NuC8tktgkVXY3DtN303EDpEyhJk=,N1vd3G4Ze0lnCTmt+KGZhtlFJ7E=
-1,12,NuC8tktgkVXY3DtN303EDpEyhJk=,N1vd3G4Ze0lnCTmt+KGZhtlFJ7E=
-16,0,NuC8tktgkVXY3DtN303EDpEyhJk=,hIQB7EJb35b/2pc8idbNRbKICtI=
-1,11,NuC8tktgkVXY3DtN303EDpEyhJk=,ch84/V3MGjCnwq0WXU42rJaV7g0=
-1,10,NuC8tktgkVXY3DtN303EDpEyhJk=,ch84/V3MGjCnwq0WXU42rJaV7g0=
-1,9,NuC8tktgkVXY3DtN303EDpEyhJk=,LxxKxoaou0AIHXWibblUaAxPKZI=
-1,0,NuC8tktgkVXY3DtN303EDpEyhJk=,kZ476YJeTXvaq03D5yld8NvU0dw=
