2,1,YPj/6apcDSPqti+8ioVPKxPwIr4=,tQPrm7eWCM92upKfclf9QHAN8LQ=
2,2,YPj/6apcDSPqti+8ioVPKxPwIr4=,TlYm5O8f+X/bq+W+tWpp8vioS7o=
1,2,YPj/6apcDSPqti+8ioVPKxPwIr4=,CUTzDYHpSgH+BZjEQHEf0KYyWb0=
1,1,YPj/6apcDSPqti+8ioVPKxPwIr4=,Gd2TDHDY6PV4BbbfwrTlKCRn/vI=
1,3,rBa76vN/wrnywCTVtS1JK/bYZks=,CUTzDYHpSgH+BZjEQHEf0KYyWb0=
2,4,rBa76vN/wrnywCTVtS1JK/bYZks=,jr+QXTDMRNDqnhBPGrcBQzM0ub8=
2,3,rBa76vN/wrnywCTVtS1JK/bYZks=,TlYm5O8f+X/bq+W+tWpp8vioS7o=
1,4,rBa76vN/wrnywCTVtS1JK/bYZks=,KvMXOrLOjXtCD4/BiONHJouWY0Q=
1,5,rBa76vN/wrnywCTVtS1JK/bYZks=,KvMXOrLOjXtCD4/BiONHJouWY0Q=
1,6,rBa76vN/wrnywCTVtS1JK/bYZks=,ntlqpXNwd8ksUwMpxVChzIM8ruQ=
2,5,rBa76vN/wrnywCTVtS1JK/bYZks=,jr+QXTDMRNDqnhBPGrcBQzM0ub8=
2,6,rBa76vN/wrnywCTVtS1JK/bYZks=,NahTzHg8LeIrbzPQPwRfTWd9pB4=
2,8,rBa76vN/wrnywCTVtS1JK/bYZks=,dhCIibVZIFYOTY/gZezbJkoWXt4=
2,7,rBa76vN/wrnywCTVtS1JK/bYZks=,NahTzHg8LeIrbzPQPwRfTWd9pB4=
1,8,4YrpXEhDsjU5/CU7tVAbBojuQTo=,6+Q2N/uC+L5jNEo1wbD8yyYDnpY=
1,7,4YrpXEhDsjU5/CU7tVAbBojuQTo=,ntlqpXNwd8ksUwMpxVChzIM8ruQ=
2,9,4YrpXEhDsjU5/CU7tVAbBojuQTo=,dhCIibVZIFYOTY/gZezbJkoWXt4=
1,10,4YrpXEhDsjU5/CU7tVAbBojuQTo=,isE4gKyMfW3juXGagOwym2V30PI=
2,10,4YrpXEhDsjU5/CU7tVAbBojuQTo=,ABkH/tSlKkuG6AvXUBAaMrH00Tg=
1,9,4YrpXEhDsjU5/CU7tVAbBojuQTo=,6+Q2N/uC+L5jNEo1wbD8yyYDnpY=
2,12,4YrpXEhDsjU5/CU7tVAbBojuQTo=,MiCs9HauKplO/TPOtnUC5HEEjvU=
2,11,4YrpXEhDsjU5/CU7tVAbBojuQTo=,ABkH/tSlKkuG6AvXUBAaMrH00Tg=
1,11,4YrpXEhDsjU5/CU7tVAbBojuQTo=,isE4gKyMfW3juXGagOwym2V30PI=
1,12,4YrpXEhDsjU5/CU7tVAbBojuQTo=,J05x2UvcfMVi4Hm4/Asvvyr8ws8=
2,13,7RnqgKA3wiTEEYX/wjjt/0afhTI=,MiCs9HauKplO/TPOtnUC5HEEjvU=
2,14,7RnqgKA3wiTEEYX/wjjt/0afhTI=,aBFKs7sBG1rtoYpUmcZtEDEHOPs=
1,14,7RnqgKA3wiTEEYX/wjjt/0afhTI=,bjFC/l59xyK2BRgzj+pGcelOKI8=
1,13,7RnqgKA3wiTEEYX/wjjt/0afhTI=,J05x2UvcfMVi4Hm4/Asvvyr8ws8=
4,14,7RnqgKA3wiTEEYX/wjjt/0afhTI=,qOsOqc0WoPJCx0g+Qqj7k6tl8pk=
4,13,7RnqgKA3wiTEEYX/wjjt/0afhTI=,JzSToXr3IQZDGUSnrmkdsuUYhI8=
4,11,7RnqgKA3wiTEEYX/wjjt/0afhTI=,CucBjgUGM69HgEMUtjq4T9HlLqI=
3,14,7RnqgKA3wiTEEYX/wjjt/0afhTI=,aBFKs7sBG1rtoYpUmcZtEDEHOPs=
3,13,7RnqgKA3wiTEEYX/wjjt/0afhTI=,MiCs9HauKplO/TPOtnUC5HEEjvU=
4,12,7RnqgKA3wiTEEYX/wjjt/0afhTI=,JzSToXr3IQZDGUSnrmkdsuUYhI8=
3,12,7RnqgKA3wiTEEYX/wjjt/0afhTI=,MiCs9HauKplO/TPOtnUC5HEEjvU=
3,11,7RnqgKA3wiTEEYX/wjjt/0afhTI=,ABkH/tSlKkuG6AvXUBAaMrH00Tg=
4,10,fGKaXUkgdnEHx9VFk5ky+Y3Pl/s=,CucBjgUGM69HgEMUtjq4T9HlLqI=
4,9,fGKaXUkgdnEHx9VFk5ky+Y3Pl/s=,/Hsy+bah0qajWvxj/CtM9miJJ3U=
3,9,fGKaXUkgdnEHx9VFk5ky+Y3Pl/s=,dhCIibVZIFYOTY/gZezbJkoWXt4=
3,10,fGKaXUkgdnEHx9VFk5ky+Y3Pl/s=,ABkH/tSlKkuG6AvXUBAaMrH00Tg=
4,8,fGKaXUkgdnEHx9VFk5ky+Y3Pl/s=,/Hsy+bah0qajWvxj/CtM9miJJ3U=
3,7,fGKaXUkgdnEHx9VFk5ky+Y3Pl/s=,NahTzHg8LeIrbzPQPwRfTWd9pB4=
4,7,fGKaXUkgdnEHx9VFk5ky+Y3Pl/s=,92PKED85I9ueKGqKpGDnDRE6Gwc=
3,8,fGKaXUkgdnEHx9VFk5ky+Y3Pl/s=,dhCIibVZIFYOTY/gZezbJkoWXt4=
3,6,fGKaXUkgdnEHx9VFk5ky+Y3Pl/s=,NahTzHg8LeIrbzPQPwRfTWd9pB4=
4,5,fGKaXUkgdnEHx9VFk5ky+Y3Pl/s=,vi/D3KDFVsfmEgS0SaeQSDC2f70=
4,6,fGKaXUkgdnEHx9VFk5ky+Y3Pl/s=,92PKED85I9ueKGqKpGDnDRE6Gwc=
3,5,fGKaXUkgdnEHx9VFk5ky+Y3Pl/s=,jr+QXTDMRNDqnhBPGrcBQzM0ub8=
4,4,yVn8NlyCt9FjvqOenujgOCJzmJ4=,vi/D3KDFVsfmEgS0SaeQSDC2f70=
4,3,yVn8NlyCt9FjvqOenujgOCJzmJ4=,MpOsXncmCdlcV5m2NRjssKcgkYc=
3,2,yVn8NlyCt9FjvqOenujgOCJzmJ4=,TlYm5O8f+X/bq+W+tWpp8vioS7o=
3,3,yVn8NlyCt9FjvqOenujgOCJzmJ4=,TlYm5O8f+X/bq+W+tWpp8vioS7o=
4,2,yVn8NlyCt9FjvqOenujgOCJzmJ4=,MpOsXncmCdlcV5m2NRjssKcgkYc=
3,4,yVn8NlyCt9FjvqOenujgOCJzmJ4=,jr+QXTDMRNDqnhBPGrcBQzM0ub8=
3,1,yVn8NlyCt9FjvqOenujgOCJzmJ4=,tQPrm7eWCM92upKfclf9QHAN8LQ=
4,1,yVn8NlyCt9FjvqOenujgOCJzmJ4=,3RxTRCEDkY1mM7+dE/TD8YIg4nI=
6,3,jlHlXSKjy3U2BTb24ID9DY3x5JI=,a9Z2Jv/zH+21S0WK0qO3OJQ+QFQ=
5,4,jlHlXSKjy3U2BTb24ID9DY3x5JI=,vi/D3KDFVsfmEgS0SaeQSDC2f70=
6,4,jlHlXSKjy3U2BTb24ID9DY3x5JI=,H8r63nSpePogPFXXbqavMuB73k4=
5,3,jlHlXSKjy3U2BTb24ID9DY3x5JI=,MpOsXncmCdlcV5m2NRjssKcgkYc=
6,8,jlHlXSKjy3U2BTb24ID9DY3x5JI=,GHC6kip6rnFSfM7fI7ONYT34MGE=
5,1,jlHlXSKjy3U2BTb24ID9DY3x5JI=,3RxTRCEDkY1mM7+dE/TD8YIg4nI=
6,1,jlHlXSKjy3U2BTb24ID9DY3x5JI=,rZqqCti8FuJ7S3UXIZMEU9e/7yQ=
5,8,jlHlXSKjy3U2BTb24ID9DY3x5JI=,/Hsy+bah0qajWvxj/CtM9miJJ3U=
5,5,jlHlXSKjy3U2BTb24ID9DY3x5JI=,vi/D3KDFVsfmEgS0SaeQSDC2f70=
5,7,jlHlXSKjy3U2BTb24ID9DY3x5JI=,92PKED85I9ueKGqKpGDnDRE6Gwc=
6,7,jlHlXSKjy3U2BTb24ID9DY3x5JI=,bg5SYlwAiioF4vqrKDlJ4zuIaYU=
5,2,jlHlXSKjy3U2BTb24ID9DY3x5JI=,MpOsXncmCdlcV5m2NRjssKcgkYc=
6,6,jlHlXSKjy3U2BTb24ID9DY3x5JI=,bg5SYlwAiioF4vqrKDlJ4zuIaYU=
5,6,jlHlXSKjy3U2BTb24ID9DY3x5JI=,92PKED85I9ueKGqKpGDnDRE6Gwc=
6,2,jlHlXSKjy3U2BTb24ID9DY3x5JI=,a9Z2Jv/zH+21S0WK0qO3OJQ+QFQ=
6,5,jlHlXSKjy3U2BTb24ID9DY3x5JI=,H8r63nSpePogPFXXbqavMuB73k4=
6,9,sPQ1F1CG5RW9E/VnPK2lz186kl4=,GHC6kip6rnFSfM7fI7ONYT34MGE=
6,10,sPQ1F1CG5RW9E/VnPK2lz186kl4=,ArsYqkDOTNTwGqeBgKeUC5uDr1c=
5,10,sPQ1F1CG5RW9E/VnPK2lz186kl4=,CucBjgUGM69HgEMUtjq4T9HlLqI=
5,9,sPQ1F1CG5RW9E/VnPK2lz186kl4=,/Hsy+bah0qajWvxj/CtM9miJJ3U=
6,11,sPQ1F1CG5RW9E/VnPK2lz186kl4=,ArsYqkDOTNTwGqeBgKeUC5uDr1c=
6,12,sPQ1F1CG5RW9E/VnPK2lz186kl4=,kglLz7z3eGTq3S/veX1y30FqgK0=
5,12,sPQ1F1CG5RW9E/VnPK2lz186kl4=,JzSToXr3IQZDGUSnrmkdsuUYhI8=
5,11,sPQ1F1CG5RW9E/VnPK2lz186kl4=,CucBjgUGM69HgEMUtjq4T9HlLqI=
6,13,sPQ1F1CG5RW9E/VnPK2lz186kl4=,kglLz7z3eGTq3S/veX1y30FqgK0=
5,14,sPQ1F1CG5RW9E/VnPK2lz186kl4=,qOsOqc0WoPJCx0g+Qqj7k6tl8pk=
5,13,sPQ1F1CG5RW9E/VnPK2lz186kl4=,JzSToXr3IQZDGUSnrmkdsuUYhI8=
6,14,sPQ1F1CG5RW9E/VnPK2lz186kl4=,YfOZtOPdjZOaJP2iiGxToo/DiTo=
8,12,sPQ1F1CG5RW9E/VnPK2lz186kl4=,UnDwMrOQ/XcjCu03EyY4I0QH25U=
8,11,sPQ1F1CG5RW9E/VnPK2lz186kl4=,s59h28tG4vBc+LtIXXBras81+yM=
7,12,sPQ1F1CG5RW9E/VnPK2lz186kl4=,kglLz7z3eGTq3S/veX1y30FqgK0=
7,11,sPQ1F1CG5RW9E/VnPK2lz186kl4=,ArsYqkDOTNTwGqeBgKeUC5uDr1c=
8,14,sPQ1F1CG5RW9E/VnPK2lz186kl4=,I3vXmmyVzf0op1AM7fApcOOA0TA=
7,13,sPQ1F1CG5RW9E/VnPK2lz186kl4=,kglLz7z3eGTq3S/veX1y30FqgK0=
8,13,sPQ1F1CG5RW9E/VnPK2lz186kl4=,UnDwMrOQ/XcjCu03EyY4I0QH25U=
7,14,sPQ1F1CG5RW9E/VnPK2lz186kl4=,YfOZtOPdjZOaJP2iiGxToo/DiTo=
7,9,9/d+yXDS1Mk3hGToYez8v2H5Pxg=,GHC6kip6rnFSfM7fI7ONYT34MGE=
7,10,9/d+yXDS1Mk3hGToYez8v2H5Pxg=,ArsYqkDOTNTwGqeBgKeUC5uDr1c=
8,10,9/d+yXDS1Mk3hGToYez8v2H5Pxg=,s59h28tG4vBc+LtIXXBras81+yM=
8,9,9/d+yXDS1Mk3hGToYez8v2H5Pxg=,t2t5exAknyK4sFgiZDXcupx4AQk=
8,8,9/d+yXDS1Mk3hGToYez8v2H5Pxg=,t2t5exAknyK4sFgiZDXcupx4AQk=
7,8,9/d+yXDS1Mk3hGToYez8v2H5Pxg=,GHC6kip6rnFSfM7fI7ONYT34MGE=
8,7,9/d+yXDS1Mk3hGToYez8v2H5Pxg=,GCyiX8xx82A7iiUTZwoLWd0SEAg=
7,7,9/d+yXDS1Mk3hGToYez8v2H5Pxg=,bg5SYlwAiioF4vqrKDlJ4zuIaYU=
8,6,KaNIC/CWbtQd2bEbhDo8ucnqD6A=,GCyiX8xx82A7iiUTZwoLWd0SEAg=
7,6,KaNIC/CWbtQd2bEbhDo8ucnqD6A=,bg5SYlwAiioF4vqrKDlJ4zuIaYU=
7,4,KaNIC/CWbtQd2bEbhDo8ucnqD6A=,H8r63nSpePogPFXXbqavMuB73k4=
8,4,KaNIC/CWbtQd2bEbhDo8ucnqD6A=,D00zj4AOSD553f3bzaUZ5xbvqOM=
8,5,KaNIC/CWbtQd2bEbhDo8ucnqD6A=,D00zj4AOSD553f3bzaUZ5xbvqOM=
7,5,KaNIC/CWbtQd2bEbhDo8ucnqD6A=,H8r63nSpePogPFXXbqavMuB73k4=
7,3,KaNIC/CWbtQd2bEbhDo8ucnqD6A=,a9Z2Jv/zH+21S0WK0qO3OJQ+QFQ=
8,3,KaNIC/CWbtQd2bEbhDo8ucnqD6A=,B5fCaB4gDTT76DXqXX3NZmtvxvM=
7,1,KaNIC/CWbtQd2bEbhDo8ucnqD6A=,rZqqCti8FuJ7S3UXIZMEU9e/7yQ=
8,1,KaNIC/CWbtQd2bEbhDo8ucnqD6A=,V+dqBpZGAGoSWzVnHVqvSgGW1KU=
7,2,KaNIC/CWbtQd2bEbhDo8ucnqD6A=,a9Z2Jv/zH+21S0WK0qO3OJQ+QFQ=
8,2,KaNIC/CWbtQd2bEbhDo8ucnqD6A=,B5fCaB4gDTT76DXqXX3NZmtvxvM=
10,6,PwtDuSX6ylA56FUtQMVjeU5ifhA=,j+tAGjM7Vg1JPFNYYpZxz/atCEc=
10,7,PwtDuSX6ylA56FUtQMVjeU5ifhA=,j+tAGjM7Vg1JPFNYYpZxz/atCEc=
10,9,PwtDuSX6ylA56FUtQMVjeU5ifhA=,nHu4KHbdJHDKSQdXYg0PlJ+HD9k=
9,6,PwtDuSX6ylA56FUtQMVjeU5ifhA=,GCyiX8xx82A7iiUTZwoLWd0SEAg=
10,5,PwtDuSX6ylA56FUtQMVjeU5ifhA=,IrJoha05TksrOy0/Ow1V+w1o8E4=
9,8,PwtDuSX6ylA56FUtQMVjeU5ifhA=,t2t5exAknyK4sFgiZDXcupx4AQk=
10,8,PwtDuSX6ylA56FUtQMVjeU5ifhA=,nHu4KHbdJHDKSQdXYg0PlJ+HD9k=
9,7,PwtDuSX6ylA56FUtQMVjeU5ifhA=,GCyiX8xx82A7iiUTZwoLWd0SEAg=
9,5,PwtDuSX6ylA56FUtQMVjeU5ifhA=,D00zj4AOSD553f3bzaUZ5xbvqOM=
9,10,PwtDuSX6ylA56FUtQMVjeU5ifhA=,s59h28tG4vBc+LtIXXBras81+yM=
9,9,PwtDuSX6ylA56FUtQMVjeU5ifhA=,t2t5exAknyK4sFgiZDXcupx4AQk=
10,12,PwtDuSX6ylA56FUtQMVjeU5ifhA=,zY1ten79LhVBs4kif8+97LNpJOU=
9,12,PwtDuSX6ylA56FUtQMVjeU5ifhA=,UnDwMrOQ/XcjCu03EyY4I0QH25U=
10,11,PwtDuSX6ylA56FUtQMVjeU5ifhA=,RWoY0kWhlkU6Yow3y8WVe4HC8c8=
9,11,PwtDuSX6ylA56FUtQMVjeU5ifhA=,s59h28tG4vBc+LtIXXBras81+yM=
10,10,PwtDuSX6ylA56FUtQMVjeU5ifhA=,RWoY0kWhlkU6Yow3y8WVe4HC8c8=
10,13,T0zXlzxRbWDjplUEq7MZ1m7RqeQ=,zY1ten79LhVBs4kif8+97LNpJOU=
12,14,T0zXlzxRbWDjplUEq7MZ1m7RqeQ=,D1X2lwj8OuHYSI3Ai6QzYLjemrI=
11,13,T0zXlzxRbWDjplUEq7MZ1m7RqeQ=,zY1ten79LhVBs4kif8+97LNpJOU=
11,14,T0zXlzxRbWDjplUEq7MZ1m7RqeQ=,0vXeqaOcoEk3tyi8hdc9BE2L0Uw=
12,13,T0zXlzxRbWDjplUEq7MZ1m7RqeQ=,ozANBcrpCKS73n9tZQBq0NmLMGg=
10,14,T0zXlzxRbWDjplUEq7MZ1m7RqeQ=,0vXeqaOcoEk3tyi8hdc9BE2L0Uw=
9,14,T0zXlzxRbWDjplUEq7MZ1m7RqeQ=,I3vXmmyVzf0op1AM7fApcOOA0TA=
9,13,T0zXlzxRbWDjplUEq7MZ1m7RqeQ=,UnDwMrOQ/XcjCu03EyY4I0QH25U=
11,12,T0zXlzxRbWDjplUEq7MZ1m7RqeQ=,zY1ten79LhVBs4kif8+97LNpJOU=
12,12,T0zXlzxRbWDjplUEq7MZ1m7RqeQ=,ozANBcrpCKS73n9tZQBq0NmLMGg=
11,11,T0zXlzxRbWDjplUEq7MZ1m7RqeQ=,RWoY0kWhlkU6Yow3y8WVe4HC8c8=
12,11,T0zXlzxRbWDjplUEq7MZ1m7RqeQ=,gMNlNjdgNgT106saNsPH5RTgb6E=
12,10,2yjk85iGmBREGPysqE1rRW7e9/I=,gMNlNjdgNgT106saNsPH5RTgb6E=
11,6,2yjk85iGmBREGPysqE1rRW7e9/I=,j+tAGjM7Vg1JPFNYYpZxz/atCEc=
12,9,2yjk85iGmBREGPysqE1rRW7e9/I=,4LW7XGJFXct/gCHn4EBVsl0Wbes=
11,9,2yjk85iGmBREGPysqE1rRW7e9/I=,nHu4KHbdJHDKSQdXYg0PlJ+HD9k=
12,7,2yjk85iGmBREGPysqE1rRW7e9/I=,XqPDPMg2PDXhQJV0OQyeIKHGrto=
12,6,2yjk85iGmBREGPysqE1rRW7e9/I=,XqPDPMg2PDXhQJV0OQyeIKHGrto=
11,10,2yjk85iGmBREGPysqE1rRW7e9/I=,RWoY0kWhlkU6Yow3y8WVe4HC8c8=
11,7,2yjk85iGmBREGPysqE1rRW7e9/I=,j+tAGjM7Vg1JPFNYYpZxz/atCEc=
11,8,2yjk85iGmBREGPysqE1rRW7e9/I=,nHu4KHbdJHDKSQdXYg0PlJ+HD9k=
12,5,2yjk85iGmBREGPysqE1rRW7e9/I=,t7WTesdUre4hVhXI7DPsQxdCl58=
12,8,2yjk85iGmBREGPysqE1rRW7e9/I=,4LW7XGJFXct/gCHn4EBVsl0Wbes=
11,5,2yjk85iGmBREGPysqE1rRW7e9/I=,IrJoha05TksrOy0/Ow1V+w1o8E4=
12,3,0dcsduUj1wGemt4S84lBAXOCvS0=,JQkRziChiskjzmrxTj7X7TbOF64=
11,3,0dcsduUj1wGemt4S84lBAXOCvS0=,HipeDe9uWceFHhKlROxzSZ5W0R8=
9,4,0dcsduUj1wGemt4S84lBAXOCvS0=,D00zj4AOSD553f3bzaUZ5xbvqOM=
10,4,0dcsduUj1wGemt4S84lBAXOCvS0=,IrJoha05TksrOy0/Ow1V+w1o8E4=
9,3,0dcsduUj1wGemt4S84lBAXOCvS0=,B5fCaB4gDTT76DXqXX3NZmtvxvM=
10,3,0dcsduUj1wGemt4S84lBAXOCvS0=,HipeDe9uWceFHhKlROxzSZ5W0R8=
9,1,0dcsduUj1wGemt4S84lBAXOCvS0=,V+dqBpZGAGoSWzVnHVqvSgGW1KU=
11,4,0dcsduUj1wGemt4S84lBAXOCvS0=,IrJoha05TksrOy0/Ow1V+w1o8E4=
12,4,0dcsduUj1wGemt4S84lBAXOCvS0=,t7WTesdUre4hVhXI7DPsQxdCl58=
10,1,0dcsduUj1wGemt4S84lBAXOCvS0=,jtIWWyErjKoPdmca10YhVRlbiqc=
12,2,0dcsduUj1wGemt4S84lBAXOCvS0=,JQkRziChiskjzmrxTj7X7TbOF64=
12,1,0dcsduUj1wGemt4S84lBAXOCvS0=,5eYvi2QUzUpnm6RYtWIpQaCbw5I=
11,2,0dcsduUj1wGemt4S84lBAXOCvS0=,HipeDe9uWceFHhKlROxzSZ5W0R8=
9,2,0dcsduUj1wGemt4S84lBAXOCvS0=,B5fCaB4gDTT76DXqXX3NZmtvxvM=
10,2,0dcsduUj1wGemt4S84lBAXOCvS0=,HipeDe9uWceFHhKlROxzSZ5W0R8=
11,1,0dcsduUj1wGemt4S84lBAXOCvS0=,jtIWWyErjKoPdmca10YhVRlbiqc=
14,1,W63V0iNxY6lpPknNxRQ4b+r/U8o=,YLRxXw/f98Qgh8jptb7matSueMg=
14,2,W63V0iNxY6lpPknNxRQ4b+r/U8o=,kyXJ/sw2iZ/eEbLGavwX4fVEoJs=
13,1,W63V0iNxY6lpPknNxRQ4b+r/U8o=,5eYvi2QUzUpnm6RYtWIpQaCbw5I=
13,2,W63V0iNxY6lpPknNxRQ4b+r/U8o=,JQkRziChiskjzmrxTj7X7TbOF64=
14,3,W63V0iNxY6lpPknNxRQ4b+r/U8o=,kyXJ/sw2iZ/eEbLGavwX4fVEoJs=
13,3,W63V0iNxY6lpPknNxRQ4b+r/U8o=,JQkRziChiskjzmrxTj7X7TbOF64=
13,4,W63V0iNxY6lpPknNxRQ4b+r/U8o=,t7WTesdUre4hVhXI7DPsQxdCl58=
14,4,W63V0iNxY6lpPknNxRQ4b+r/U8o=,om6kaakKx8p2lG/BrcD76ZCaoLE=
14,7,W63V0iNxY6lpPknNxRQ4b+r/U8o=,n1mMDgB+KsuB8OCurmXlY/FMMMA=
14,6,W63V0iNxY6lpPknNxRQ4b+r/U8o=,n1mMDgB+KsuB8OCurmXlY/FMMMA=
14,5,W63V0iNxY6lpPknNxRQ4b+r/U8o=,om6kaakKx8p2lG/BrcD76ZCaoLE=
13,7,W63V0iNxY6lpPknNxRQ4b+r/U8o=,XqPDPMg2PDXhQJV0OQyeIKHGrto=
13,6,W63V0iNxY6lpPknNxRQ4b+r/U8o=,XqPDPMg2PDXhQJV0OQyeIKHGrto=
13,5,W63V0iNxY6lpPknNxRQ4b+r/U8o=,t7WTesdUre4hVhXI7DPsQxdCl58=
13,8,W63V0iNxY6lpPknNxRQ4b+r/U8o=,4LW7XGJFXct/gCHn4EBVsl0Wbes=
14,8,W63V0iNxY6lpPknNxRQ4b+r/U8o=,pJeuGr/TAlqArO/9srr0OuKowx8=
14,9,Fffur+ite0Gk+1F2o8xrpd8KH5A=,pJeuGr/TAlqArO/9srr0OuKowx8=
14,10,Fffur+ite0Gk+1F2o8xrpd8KH5A=,nVtBOF81A5okMMSfshsscoi5ViI=
13,9,Fffur+ite0Gk+1F2o8xrpd8KH5A=,4LW7XGJFXct/gCHn4EBVsl0Wbes=
13,10,Fffur+ite0Gk+1F2o8xrpd8KH5A=,gMNlNjdgNgT106saNsPH5RTgb6E=
13,12,Fffur+ite0Gk+1F2o8xrpd8KH5A=,ozANBcrpCKS73n9tZQBq0NmLMGg=
14,12,Fffur+ite0Gk+1F2o8xrpd8KH5A=,mlcE5minBYcQm9rBM6pW3iYcQ8Y=
14,14,Fffur+ite0Gk+1F2o8xrpd8KH5A=,zWcm1Uqnh5YPewkgcMA+REgGGEY=
13,14,Fffur+ite0Gk+1F2o8xrpd8KH5A=,D1X2lwj8OuHYSI3Ai6QzYLjemrI=
14,13,Fffur+ite0Gk+1F2o8xrpd8KH5A=,mlcE5minBYcQm9rBM6pW3iYcQ8Y=
15,12,Fffur+ite0Gk+1F2o8xrpd8KH5A=,mlcE5minBYcQm9rBM6pW3iYcQ8Y=
15,14,Fffur+ite0Gk+1F2o8xrpd8KH5A=,zWcm1Uqnh5YPewkgcMA+REgGGEY=
15,13,Fffur+ite0Gk+1F2o8xrpd8KH5A=,mlcE5minBYcQm9rBM6pW3iYcQ8Y=
13,13,Fffur+ite0Gk+1F2o8xrpd8KH5A=,ozANBcrpCKS73n9tZQBq0NmLMGg=
13,11,Fffur+ite0Gk+1F2o8xrpd8KH5A=,gMNlNjdgNgT106saNsPH5RTgb6E=
14,11,Fffur+ite0Gk+1F2o8xrpd8KH5A=,nVtBOF81A5okMMSfshsscoi5ViI=
15,11,Fffur+ite0Gk+1F2o8xrpd8KH5A=,nVtBOF81A5okMMSfshsscoi5ViI=
14,15,Fffur+ite0Gk+1F2o8xrpd8KH5A=,zWcm1Uqnh5YPewkgcMA+REgGGEY=
9,15,Fffur+ite0Gk+1F2o8xrpd8KH5A=,I3vXmmyVzf0op1AM7fApcOOA0TA=
12,15,Fffur+ite0Gk+1F2o8xrpd8KH5A=,D1X2lwj8OuHYSI3Ai6QzYLjemrI=
10,15,Fffur+ite0Gk+1F2o8xrpd8KH5A=,0vXeqaOcoEk3tyi8hdc9BE2L0Uw=
11,15,Fffur+ite0Gk+1F2o8xrpd8KH5A=,0vXeqaOcoEk3tyi8hdc9BE2L0Uw=
13,15,Fffur+ite0Gk+1F2o8xrpd8KH5A=,D1X2lwj8OuHYSI3Ai6QzYLjemrI=
8,15,Fffur+ite0Gk+1F2o8xrpd8KH5A=,I3vXmmyVzf0op1AM7fApcOOA0TA=
7,15,Fffur+ite0Gk+1F2o8xrpd8KH5A=,YfOZtOPdjZOaJP2iiGxToo/DiTo=
6,15,Fffur+ite0Gk+1F2o8xrpd8KH5A=,YfOZtOPdjZOaJP2iiGxToo/DiTo=
4,15,Fffur+ite0Gk+1F2o8xrpd8KH5A=,qOsOqc0WoPJCx0g+Qqj7k6tl8pk=
5,15,Fffur+ite0Gk+1F2o8xrpd8KH5A=,qOsOqc0WoPJCx0g+Qqj7k6tl8pk=
3,15,Fffur+ite0Gk+1F2o8xrpd8KH5A=,aBFKs7sBG1rtoYpUmcZtEDEHOPs=
2,15,Fffur+ite0Gk+1F2o8xrpd8KH5A=,aBFKs7sBG1rtoYpUmcZtEDEHOPs=
1,15,Fffur+ite0Gk+1F2o8xrpd8KH5A=,bjFC/l59xyK2BRgzj+pGcelOKI8=
0,14,Fffur+ite0Gk+1F2o8xrpd8KH5A=,bjFC/l59xyK2BRgzj+pGcelOKI8=
0,13,dsWB+Z9exJJ/myUtdhEyH9A3WaQ=,J05x2UvcfMVi4Hm4/Asvvyr8ws8=
0,10,dsWB+Z9exJJ/myUtdhEyH9A3WaQ=,isE4gKyMfW3juXGagOwym2V30PI=
0,12,dsWB+Z9exJJ/myUtdhEyH9A3WaQ=,J05x2UvcfMVi4Hm4/Asvvyr8ws8=
0,11,dsWB+Z9exJJ/myUtdhEyH9A3WaQ=,isE4gKyMfW3juXGagOwym2V30PI=
0,9,dsWB+Z9exJJ/myUtdhEyH9A3WaQ=,6+Q2N/uC+L5jNEo1wbD8yyYDnpY=
0,7,dsWB+Z9exJJ/myUtdhEyH9A3WaQ=,ntlqpXNwd8ksUwMpxVChzIM8ruQ=
0,8,dsWB+Z9exJJ/myUtdhEyH9A3WaQ=,6+Q2N/uC+L5jNEo1wbD8yyYDnpY=
0,3,dsWB+Z9exJJ/myUtdhEyH9A3WaQ=,CUTzDYHpSgH+BZjEQHEf0KYyWb0=
0,2,dsWB+Z9exJJ/myUtdhEyH9A3WaQ=,CUTzDYHpSgH+BZjEQHEf0KYyWb0=
0,4,dsWB+Z9exJJ/myUtdhEyH9A3WaQ=,KvMXOrLOjXtCD4/BiONHJouWY0Q=
0,5,dsWB+Z9exJJ/myUtdhEyH9A3WaQ=,KvMXOrLOjXtCD4/BiONHJouWY0Q=
0,6,dsWB+Z9exJJ/myUtdhEyH9A3WaQ=,ntlqpXNwd8ksUwMpxVChzIM8ruQ=
0,0,dsWB+Z9exJJ/myUtdhEyH9A3WaQ=,Gd2TDHDY6PV4BbbfwrTlKCRn/vI=
0,1,dsWB+Z9exJJ/myUtdhEyH9A3WaQ=,Gd2TDHDY6PV4BbbfwrTlKCRn/vI=
2,0,dsWB+Z9exJJ/myUtdhEyH9A3WaQ=,tQPrm7eWCM92upKfclf9QHAN8LQ=
4,0,dsWB+Z9exJJ/myUtdhEyH9A3WaQ=,3RxTRCEDkY1mM7+dE/TD8YIg4nI=
1,0,dsWB+Z9exJJ/myUtdhEyH9A3WaQ=,Gd2TDHDY6PV4BbbfwrTlKCRn/vI=
6,0,dsWB+Z9exJJ/myUtdhEyH9A3WaQ=,rZqqCti8FuJ7S3UXIZMEU9e/7yQ=
8,0,dsWB+Z9exJJ/myUtdhEyH9A3WaQ=,V+dqBpZGAGoSWzVnHVqvSgGW1KU=
5,0,dsWB+Z9exJJ/myUtdhEyH9A3WaQ=,3RxTRCEDkY1mM7+dE/TD8YIg4nI=
7,0,dsWB+Z9exJJ/myUtdhEyH9A3WaQ=,rZqqCti8FuJ7S3UXIZMEU9e/7yQ=
3,0,dsWB+Z9exJJ/myUtdhEyH9A3WaQ=,tQPrm7eWCM92upKfclf9QHAN8LQ=
9,0,dsWB+Z9exJJ/myUtdhEyH9A3WaQ=,V+dqBpZGAGoSWzVnHVqvSgGW1KU=
10,0,dsWB+Z9exJJ/myUtdhEyH9A3WaQ=,jtIWWyErjKoPdmca10YhVRlbiqc=
13,0,dsWB+Z9exJJ/myUtdhEyH9A3WaQ=,5eYvi2QUzUpnm6RYtWIpQaCbw5I=
14,0,dsWB+Z9exJJ/myUtdhEyH9A3WaQ=,YLRxXw/f98Qgh8jptb7matSueMg=
15,6,dsWB+Z9exJJ/myUtdhEyH9A3WaQ=,n1mMDgB+KsuB8OCurmXlY/FMMMA=
12,0,dsWB+Z9exJJ/myUtdhEyH9A3WaQ=,5eYvi2QUzUpnm6RYtWIpQaCbw5I=
15,7,dsWB+Z9exJJ/myUtdhEyH9A3WaQ=,n1mMDgB+KsuB8OCurmXlY/FMMMA=
15,2,dsWB+Z9exJJ/myUtdhEyH9A3WaQ=,kyXJ/sw2iZ/eEbLGavwX4fVEoJs=
11,0,dsWB+Z9exJJ/myUtdhEyH9A3WaQ=,jtIWWyErjKoPdmca10YhVRlbiqc=
15,5,dsWB+Z9exJJ/myUtdhEyH9A3WaQ=,om6kaakKx8p2lG/BrcD76ZCaoLE=
15,1,8w5KjXJfx7RgJcW0COIXBjOfXfk=,YLRxXw/f98Qgh8jptb7matSueMg=
0,15,8w5KjXJfx7RgJcW0COIXBjOfXfk=,bjFC/l59xyK2BRgzj+pGcelOKI8=
15,3,8w5KjXJfx7RgJcW0COIXBjOfXfk=,kyXJ/sw2iZ/eEbLGavwX4fVEoJs=
15,15,8w5KjXJfx7RgJcW0COIXBjOfXfk=,zWcm1Uqnh5YPewkgcMA+REgGGEY=
15,4,8w5KjXJfx7RgJcW0COIXBjOfXfk=,om6kaakKx8p2lG/BrcD76ZCaoLE=
15,0,8w5KjXJfx7RgJcW0COIXBjOfXfk=,YLRxXw/f98Qgh8jptb7matSueMg=
15,10,8w5KjXJfx7RgJcW0COIXBjOfXfk=,nVtBOF81A5okMMSfshsscoi5ViI=
15,9,8w5KjXJfx7RgJcW0COIXBjOfXfk=,pJeuGr/TAlqArO/9srr0OuKowx8=
15,8,8w5KjXJfx7RgJcW0COIXBjOfXfk=,pJeuGr/TAlqArO/9srr0OuKowx8=
7,18,Drp4htHf5ufuFfZoxyekGa3olV0=,D39SabgNIZUkpG/iBbGTo5dCKNM=
8,18,Drp4htHf5ufuFfZoxyekGa3olV0=,yzWYf5e3EmhyF7Iu6kkGin157pw=
8,17,Drp4htHf5ufuFfZoxyekGa3olV0=,ZJcmPKwZCU3mGnUtnOvdCoAWyM8=
7,17,Drp4htHf5ufuFfZoxyekGa3olV0=,8achz93wNMStwZD8v+UNiw974Lc=
5,17,Drp4htHf5ufuFfZoxyekGa3olV0=,J76lAeWr34hfzDx9YIDpG/pzce4=
6,17,Drp4htHf5ufuFfZoxyekGa3olV0=,8achz93wNMStwZD8v+UNiw974Lc=
6,18,Drp4htHf5ufuFfZoxyekGa3olV0=,D39SabgNIZUkpG/iBbGTo5dCKNM=
5,18,Drp4htHf5ufuFfZoxyekGa3olV0=,OLAGxCRtQunNkM+1t+j7EAut+NU=
10,17,Drp4htHf5ufuFfZoxyekGa3olV0=,LpHVdSWdHx5PoONAKybh9oNRiW0=
9,17,Drp4htHf5ufuFfZoxyekGa3olV0=,ZJcmPKwZCU3mGnUtnOvdCoAWyM8=
9,18,Drp4htHf5ufuFfZoxyekGa3olV0=,yzWYf5e3EmhyF7Iu6kkGin157pw=
10,18,Drp4htHf5ufuFfZoxyekGa3olV0=,Z3WYVI2vJuxP26c9OVZew0WmDFw=
12,18,FcT1bwB7YLO9LFmJ0qURq+bzRU0=,51lYoHEG90jVLR81PbxOWrVe44k=
12,17,FcT1bwB7YLO9LFmJ0qURq+bzRU0=,Y6x9lAW3Wuvd8whbLOWYyWgMHBc=
14,19,FcT1bwB7YLO9LFmJ0qURq+bzRU0=,qy22H8BJvJrMWuSPXtZ1pE+Kf2c=
8,16,FcT1bwB7YLO9LFmJ0qURq+bzRU0=,ZJcmPKwZCU3mGnUtnOvdCoAWyM8=
15,19,FcT1bwB7YLO9LFmJ0qURq+bzRU0=,qy22H8BJvJrMWuSPXtZ1pE+Kf2c=
11,17,FcT1bwB7YLO9LFmJ0qURq+bzRU0=,LpHVdSWdHx5PoONAKybh9oNRiW0=
11,18,FcT1bwB7YLO9LFmJ0qURq+bzRU0=,Z3WYVI2vJuxP26c9OVZew0WmDFw=
15,18,FcT1bwB7YLO9LFmJ0qURq+bzRU0=,qy22H8BJvJrMWuSPXtZ1pE+Kf2c=
7,16,FcT1bwB7YLO9LFmJ0qURq+bzRU0=,8achz93wNMStwZD8v+UNiw974Lc=
15,17,FcT1bwB7YLO9LFmJ0qURq+bzRU0=,y8OshpAFLZN26K4SumWsNWpjr80=
5,19,FcT1bwB7YLO9LFmJ0qURq+bzRU0=,OLAGxCRtQunNkM+1t+j7EAut+NU=
6,19,FcT1bwB7YLO9LFmJ0qURq+bzRU0=,D39SabgNIZUkpG/iBbGTo5dCKNM=
14,17,FcT1bwB7YLO9LFmJ0qURq+bzRU0=,y8OshpAFLZN26K4SumWsNWpjr80=
14,18,FcT1bwB7YLO9LFmJ0qURq+bzRU0=,qy22H8BJvJrMWuSPXtZ1pE+Kf2c=
7,19,FcT1bwB7YLO9LFmJ0qURq+bzRU0=,D39SabgNIZUkpG/iBbGTo5dCKNM=
13,19,FcT1bwB7YLO9LFmJ0qURq+bzRU0=,51lYoHEG90jVLR81PbxOWrVe44k=
8,19,FcT1bwB7YLO9LFmJ0qURq+bzRU0=,yzWYf5e3EmhyF7Iu6kkGin157pw=
9,16,FcT1bwB7YLO9LFmJ0qURq+bzRU0=,ZJcmPKwZCU3mGnUtnOvdCoAWyM8=
13,18,FcT1bwB7YLO9LFmJ0qURq+bzRU0=,51lYoHEG90jVLR81PbxOWrVe44k=
13,17,FcT1bwB7YLO9LFmJ0qURq+bzRU0=,Y6x9lAW3Wuvd8whbLOWYyWgMHBc=
10,16,FcT1bwB7YLO9LFmJ0qURq+bzRU0=,LpHVdSWdHx5PoONAKybh9oNRiW0=
14,16,FcT1bwB7YLO9LFmJ0qURq+bzRU0=,y8OshpAFLZN26K4SumWsNWpjr80=
5,16,FcT1bwB7YLO9LFmJ0qURq+bzRU0=,J76lAeWr34hfzDx9YIDpG/pzce4=
6,16,FcT1bwB7YLO9LFmJ0qURq+bzRU0=,8achz93wNMStwZD8v+UNiw974Lc=
11,16,FcT1bwB7YLO9LFmJ0qURq+bzRU0=,LpHVdSWdHx5PoONAKybh9oNRiW0=
12,16,FcT1bwB7YLO9LFmJ0qURq+bzRU0=,Y6x9lAW3Wuvd8whbLOWYyWgMHBc=
13,16,r1bgEdHpzrO4k8vTLZ8wlMrGGJw=,Y6x9lAW3Wuvd8whbLOWYyWgMHBc=
3,18,r1bgEdHpzrO4k8vTLZ8wlMrGGJw=,g4NXwRM+Dz3BRBc1pZc+DXQurDQ=
4,17,r1bgEdHpzrO4k8vTLZ8wlMrGGJw=,J76lAeWr34hfzDx9YIDpG/pzce4=
3,17,r1bgEdHpzrO4k8vTLZ8wlMrGGJw=,AVPtiXDhx+VqK+qPv38JKtwnK8c=
4,18,r1bgEdHpzrO4k8vTLZ8wlMrGGJw=,OLAGxCRtQunNkM+1t+j7EAut+NU=
3,19,r1bgEdHpzrO4k8vTLZ8wlMrGGJw=,g4NXwRM+Dz3BRBc1pZc+DXQurDQ=
4,19,r1bgEdHpzrO4k8vTLZ8wlMrGGJw=,OLAGxCRtQunNkM+1t+j7EAut+NU=
0,16,r1bgEdHpzrO4k8vTLZ8wlMrGGJw=,tQNXM7l23Vh1bKasAVs5dZy8YH8=
0,17,r1bgEdHpzrO4k8vTLZ8wlMrGGJw=,tQNXM7l23Vh1bKasAVs5dZy8YH8=
1,19,r1bgEdHpzrO4k8vTLZ8wlMrGGJw=,uMUMDhJ+dJwDfxkaFU7CoI0xeHI=
2,17,r1bgEdHpzrO4k8vTLZ8wlMrGGJw=,AVPtiXDhx+VqK+qPv38JKtwnK8c=
1,18,r1bgEdHpzrO4k8vTLZ8wlMrGGJw=,uMUMDhJ+dJwDfxkaFU7CoI0xeHI=
2,18,r1bgEdHpzrO4k8vTLZ8wlMrGGJw=,g4NXwRM+Dz3BRBc1pZc+DXQurDQ=
10,19,r1bgEdHpzrO4k8vTLZ8wlMrGGJw=,Z3WYVI2vJuxP26c9OVZew0WmDFw=
0,18,r1bgEdHpzrO4k8vTLZ8wlMrGGJw=,uMUMDhJ+dJwDfxkaFU7CoI0xeHI=
9,19,r1bgEdHpzrO4k8vTLZ8wlMrGGJw=,yzWYf5e3EmhyF7Iu6kkGin157pw=
0,19,r1bgEdHpzrO4k8vTLZ8wlMrGGJw=,uMUMDhJ+dJwDfxkaFU7CoI0xeHI=
1,17,r1bgEdHpzrO4k8vTLZ8wlMrGGJw=,tQNXM7l23Vh1bKasAVs5dZy8YH8=
4,16,r1bgEdHpzrO4k8vTLZ8wlMrGGJw=,J76lAeWr34hfzDx9YIDpG/pzce4=
2,16,r1bgEdHpzrO4k8vTLZ8wlMrGGJw=,AVPtiXDhx+VqK+qPv38JKtwnK8c=
2,19,r1bgEdHpzrO4k8vTLZ8wlMrGGJw=,g4NXwRM+Dz3BRBc1pZc+DXQurDQ=
1,16,r1bgEdHpzrO4k8vTLZ8wlMrGGJw=,tQNXM7l23Vh1bKasAVs5dZy8YH8=
3,16,r1bgEdHpzrO4k8vTLZ8wlMrGGJw=,AVPtiXDhx+VqK+qPv38JKtwnK8c=
15,16,r1bgEdHpzrO4k8vTLZ8wlMrGGJw=,y8OshpAFLZN26K4SumWsNWpjr80=
12,19,r1bgEdHpzrO4k8vTLZ8wlMrGGJw=,51lYoHEG90jVLR81PbxOWrVe44k=
11,19,r1bgEdHpzrO4k8vTLZ8wlMrGGJw=,Z3WYVI2vJuxP26c9OVZew0WmDFw=
17,19,AbWNNhn3qyakDx/8WU1fzZn/sz4=,tgoXxy1zUYpLoqFXWMxXKSszrJ8=
18,18,AbWNNhn3qyakDx/8WU1fzZn/sz4=,1ly3zrL2+pNi4ViO18RMrHrHylg=
18,19,AbWNNhn3qyakDx/8WU1fzZn/sz4=,1ly3zrL2+pNi4ViO18RMrHrHylg=
19,18,AbWNNhn3qyakDx/8WU1fzZn/sz4=,1ly3zrL2+pNi4ViO18RMrHrHylg=
17,18,AbWNNhn3qyakDx/8WU1fzZn/sz4=,tgoXxy1zUYpLoqFXWMxXKSszrJ8=
19,17,AbWNNhn3qyakDx/8WU1fzZn/sz4=,ZbjqKeNwimHhbQxMe395JgGvb4w=
17,17,AbWNNhn3qyakDx/8WU1fzZn/sz4=,yU7sRUkqAVBZdbi+z2d8PdnJRLM=
18,17,AbWNNhn3qyakDx/8WU1fzZn/sz4=,ZbjqKeNwimHhbQxMe395JgGvb4w=
16,18,AbWNNhn3qyakDx/8WU1fzZn/sz4=,tgoXxy1zUYpLoqFXWMxXKSszrJ8=
16,17,AbWNNhn3qyakDx/8WU1fzZn/sz4=,yU7sRUkqAVBZdbi+z2d8PdnJRLM=
19,16,AbWNNhn3qyakDx/8WU1fzZn/sz4=,ZbjqKeNwimHhbQxMe395JgGvb4w=
17,16,AbWNNhn3qyakDx/8WU1fzZn/sz4=,yU7sRUkqAVBZdbi+z2d8PdnJRLM=
16,16,AbWNNhn3qyakDx/8WU1fzZn/sz4=,yU7sRUkqAVBZdbi+z2d8PdnJRLM=
16,19,AbWNNhn3qyakDx/8WU1fzZn/sz4=,tgoXxy1zUYpLoqFXWMxXKSszrJ8=
18,16,AbWNNhn3qyakDx/8WU1fzZn/sz4=,ZbjqKeNwimHhbQxMe395JgGvb4w=
19,19,AbWNNhn3qyakDx/8WU1fzZn/sz4=,1ly3zrL2+pNi4ViO18RMrHrHylg=
18,4,OmJQ5yqktoeQOliqp7tKCJ9Eaco=,qgK4nA1IWH6D0DFl42nGJgOHlgw=
17,3,OmJQ5yqktoeQOliqp7tKCJ9Eaco=,PlktusrQIXvc7hjQCo3EIPL3kgc=
17,4,OmJQ5yqktoeQOliqp7tKCJ9Eaco=,URgkrCuzgNVgFsiOFWQxR0Kme4E=
18,3,OmJQ5yqktoeQOliqp7tKCJ9Eaco=,gXVCHjRGQfb8i2RgG9D5WzlnYGE=
18,6,OmJQ5yqktoeQOliqp7tKCJ9Eaco=,0nD2x5pA5MKneilhqVYlKlAmxyw=
17,6,OmJQ5yqktoeQOliqp7tKCJ9Eaco=,izZh5+7DtRGUlx6X4R1fJZSEdto=
18,5,l2ktEDUI7b3kOICKDMjrbCc7Ejk=,qgK4nA1IWH6D0DFl42nGJgOHlgw=
17,5,l2ktEDUI7b3kOICKDMjrbCc7Ejk=,URgkrCuzgNVgFsiOFWQxR0Kme4E=
18,8,l2ktEDUI7b3kOICKDMjrbCc7Ejk=,xgCf1U8k9+dbeg+i3SFgGFPqzP8=
17,7,l2ktEDUI7b3kOICKDMjrbCc7Ejk=,izZh5+7DtRGUlx6X4R1fJZSEdto=
17,8,l2ktEDUI7b3kOICKDMjrbCc7Ejk=,/xTqIH/4kx6mXs6nAarHX0mWbJ0=
18,7,l2ktEDUI7b3kOICKDMjrbCc7Ejk=,0nD2x5pA5MKneilhqVYlKlAmxyw=
17,10,l2ktEDUI7b3kOICKDMjrbCc7Ejk=,ZUQRjMwqbKnyaOUaB1Wg4pyRtJk=
17,9,l2ktEDUI7b3kOICKDMjrbCc7Ejk=,/xTqIH/4kx6mXs6nAarHX0mWbJ0=
18,9,l2ktEDUI7b3kOICKDMjrbCc7Ejk=,xgCf1U8k9+dbeg+i3SFgGFPqzP8=
18,10,l2ktEDUI7b3kOICKDMjrbCc7Ejk=,hHw6T6cncPEZ5Idr/DwFrxCu0Zk=
18,12,fWOlbvuouV+cIXm2l9fUSKg861Q=,Y2c4LatxbQ62JYRXuXFXBSQe+p0=
18,11,fWOlbvuouV+cIXm2l9fUSKg861Q=,hHw6T6cncPEZ5Idr/DwFrxCu0Zk=
17,12,fWOlbvuouV+cIXm2l9fUSKg861Q=,TFrdlxrNCUrGRlF96jCqPrelLXQ=
17,11,fWOlbvuouV+cIXm2l9fUSKg861Q=,ZUQRjMwqbKnyaOUaB1Wg4pyRtJk=
19,14,fWOlbvuouV+cIXm2l9fUSKg861Q=,i/h8msMxIMiBiynGDjCBQYxfJC0=
19,13,fWOlbvuouV+cIXm2l9fUSKg861Q=,Y2c4LatxbQ62JYRXuXFXBSQe+p0=
17,14,fWOlbvuouV+cIXm2l9fUSKg861Q=,Y9R3zBRUeUrvXePhQyNZaz856sE=
17,15,fWOlbvuouV+cIXm2l9fUSKg861Q=,Y9R3zBRUeUrvXePhQyNZaz856sE=
18,14,fWOlbvuouV+cIXm2l9fUSKg861Q=,i/h8msMxIMiBiynGDjCBQYxfJC0=
18,15,fWOlbvuouV+cIXm2l9fUSKg861Q=,i/h8msMxIMiBiynGDjCBQYxfJC0=
16,13,fWOlbvuouV+cIXm2l9fUSKg861Q=,TFrdlxrNCUrGRlF96jCqPrelLXQ=
18,13,fWOlbvuouV+cIXm2l9fUSKg861Q=,Y2c4LatxbQ62JYRXuXFXBSQe+p0=
16,14,fWOlbvuouV+cIXm2l9fUSKg861Q=,Y9R3zBRUeUrvXePhQyNZaz856sE=
17,13,fWOlbvuouV+cIXm2l9fUSKg861Q=,TFrdlxrNCUrGRlF96jCqPrelLXQ=
16,15,fWOlbvuouV+cIXm2l9fUSKg861Q=,Y9R3zBRUeUrvXePhQyNZaz856sE=
19,4,fWOlbvuouV+cIXm2l9fUSKg861Q=,qgK4nA1IWH6D0DFl42nGJgOHlgw=
19,6,fWOlbvuouV+cIXm2l9fUSKg861Q=,0nD2x5pA5MKneilhqVYlKlAmxyw=
19,5,fWOlbvuouV+cIXm2l9fUSKg861Q=,qgK4nA1IWH6D0DFl42nGJgOHlgw=
19,7,fWOlbvuouV+cIXm2l9fUSKg861Q=,0nD2x5pA5MKneilhqVYlKlAmxyw=
19,8,fWOlbvuouV+cIXm2l9fUSKg861Q=,xgCf1U8k9+dbeg+i3SFgGFPqzP8=
19,9,fWOlbvuouV+cIXm2l9fUSKg861Q=,xgCf1U8k9+dbeg+i3SFgGFPqzP8=
19,12,fWOlbvuouV+cIXm2l9fUSKg861Q=,Y2c4LatxbQ62JYRXuXFXBSQe+p0=
19,11,fWOlbvuouV+cIXm2l9fUSKg861Q=,hHw6T6cncPEZ5Idr/DwFrxCu0Zk=
19,10,fWOlbvuouV+cIXm2l9fUSKg861Q=,hHw6T6cncPEZ5Idr/DwFrxCu0Zk=
19,15,fWOlbvuouV+cIXm2l9fUSKg861Q=,i/h8msMxIMiBiynGDjCBQYxfJC0=
19,3,fWOlbvuouV+cIXm2l9fUSKg861Q=,gXVCHjRGQfb8i2RgG9D5WzlnYGE=
18,0,/Fty1HfNk2zW6TAFHuDepF+muE0=,0FgNJpgKCzwZVDj+lvwf6FSmUGI=
16,6,/Fty1HfNk2zW6TAFHuDepF+muE0=,izZh5+7DtRGUlx6X4R1fJZSEdto=
18,2,/Fty1HfNk2zW6TAFHuDepF+muE0=,gXVCHjRGQfb8i2RgG9D5WzlnYGE=
18,1,/Fty1HfNk2zW6TAFHuDepF+muE0=,0FgNJpgKCzwZVDj+lvwf6FSmUGI=
16,3,/Fty1HfNk2zW6TAFHuDepF+muE0=,PlktusrQIXvc7hjQCo3EIPL3kgc=
17,2,/Fty1HfNk2zW6TAFHuDepF+muE0=,PlktusrQIXvc7hjQCo3EIPL3kgc=
16,2,/Fty1HfNk2zW6TAFHuDepF+muE0=,PlktusrQIXvc7hjQCo3EIPL3kgc=
17,1,/Fty1HfNk2zW6TAFHuDepF+muE0=,iYHooXOcJEIr3x/2K3JMonT4VEs=
17,0,/Fty1HfNk2zW6TAFHuDepF+muE0=,iYHooXOcJEIr3x/2K3JMonT4VEs=
16,4,/Fty1HfNk2zW6TAFHuDepF+muE0=,URgkrCuzgNVgFsiOFWQxR0Kme4E=
19,2,/Fty1HfNk2zW6TAFHuDepF+muE0=,gXVCHjRGQfb8i2RgG9D5WzlnYGE=
16,5,/Fty1HfNk2zW6TAFHuDepF+muE0=,URgkrCuzgNVgFsiOFWQxR0Kme4E=
16,7,/Fty1HfNk2zW6TAFHuDepF+muE0=,izZh5+7DtRGUlx6X4R1fJZSEdto=
16,8,/Fty1HfNk2zW6TAFHuDepF+muE0=,/xTqIH/4kx6mXs6nAarHX0mWbJ0=
16,1,/Fty1HfNk2zW6TAFHuDepF+muE0=,iYHooXOcJEIr3x/2K3JMonT4VEs=
16,12,/Fty1HfNk2zW6TAFHuDepF+muE0=,TFrdlxrNCUrGRlF96jCqPrelLXQ=
16,11,/Fty1HfNk2zW6TAFHuDepF+muE0=,ZUQRjMwqbKnyaOUaB1Wg4pyRtJk=
19,1,/Fty1HfNk2zW6TAFHuDepF+muE0=,0FgNJpgKCzwZVDj+lvwf6FSmUGI=
16,10,/Fty1HfNk2zW6TAFHuDepF+muE0=,ZUQRjMwqbKnyaOUaB1Wg4pyRtJk=
16,9,/Fty1HfNk2zW6TAFHuDepF+muE0=,/xTqIH/4kx6mXs6nAarHX0mWbJ0=
16,0,/Fty1HfNk2zW6TAFHuDepF+muE0=,iYHooXOcJEIr3x/2K3JMonT4VEs=
19,0,/Fty1HfNk2zW6TAFHuDepF+muE0=,0FgNJpgKCzwZVDj+lvwf6FSmUGI=
